Entry Time,Symbols,Exit Time,Direction,Entry Price,Exit Price,Quantity,P&L,Fees,MAE,MFE,Drawdown,IsWin,Order Ids
2019-01-02T20:55:00Z,"BIL",2019-01-07T20:55:00Z,Buy,76.000689974,76.017309412,1312,21.8,13.12,-10.9,32.71,21.8,1,"	1,2" 
2019-01-07T20:55:00Z,"TSLA",2019-01-08T20:55:00Z,Buy,22.3639977636,22.3213311012,2582,-110.17,25.82,-1437.31,1402.89,2840.2,0,"	3,5" 
2019-01-07T20:55:00Z,"BIL",2019-01-08T20:55:00Z,Buy,76.025619131,76.017309412,552,-4.59,5.52,-4.59,0,4.59,0,"	4,6" 
2019-01-08T20:55:00Z,"BIL",2019-01-09T20:55:00Z,Buy,76.025619131,76.025619131,391,0,3.91,-3.25,3.25,3.25,0,"	8,9" 
2019-01-08T20:55:00Z,"AMZN",2019-01-09T20:55:00Z,Buy,82.562852078,82.468074948,845,-80.09,8.45,-485.58,488.11,957.25,0,"	7,10" 
2019-01-09T20:55:00Z,"MSFT",2019-01-10T20:55:00Z,Buy,97.076349638,96.730948644,959,-331.24,9.59,-1414.48,250.67,1665.15,0,"	11,12" 
2019-01-10T20:55:00Z,"BIL",2019-01-11T20:55:00Z,Buy,76.042238569,76.042238569,363,0,3.63,-3.02,3.02,3.02,0,"	14,15" 
2019-01-10T20:55:00Z,"AMZN",2019-01-15T20:55:00Z,Buy,82.736443874,83.305605481,865,492.32,8.65,-2486.22,570.86,2492.26,1,"	13,20" 
2019-01-11T20:55:00Z,"BIL",2019-01-14T20:55:00Z,Buy,76.050548288,76.042238569,360,-2.99,3.6,-2.99,2.99,5.98,0,"	16,17" 
2019-01-14T20:55:00Z,"BIL",2019-01-15T20:55:00Z,Buy,76.050548288,76.050548288,355,0,3.55,-2.95,2.95,2.95,0,"	18,19" 
2019-01-15T20:55:00Z,"TSLA",2019-01-16T20:55:00Z,Buy,23.0039976996,23.0379976962,2401,81.63,24.01,-150.46,1083.65,1002.02,1,"	21,23" 
2019-01-15T20:55:00Z,"BIL",2019-01-16T20:55:00Z,Buy,76.058858007,76.058858007,583,0,5.83,-4.84,4.84,4.84,0,"	22,24" 
2019-01-16T20:55:00Z,"BIL",2019-01-17T20:55:00Z,Buy,76.067167726,76.075477445,357,2.97,3.57,-2.97,5.93,2.97,1,"	26,27" 
2019-01-16T20:55:00Z,"AMZN",2019-01-17T20:55:00Z,Buy,84.083276774,84.43145802,862,300.13,8.62,-300.13,611.01,485.03,1,"	25,28" 
2019-01-17T20:55:00Z,"TSLA",2019-01-18T20:55:00Z,Buy,23.1726643494,20.1606646506,2443,-7358.32,24.43,-7750.82,0,7750.82,0,"	29,31" 
2019-01-17T20:55:00Z,"BIL",2019-01-18T20:55:00Z,Buy,76.083787164,76.075477445,569,-4.73,5.69,-4.73,4.73,9.46,0,"	30,32" 
2019-01-18T20:55:00Z,"BIL",2019-01-22T20:55:00Z,Buy,76.083787164,76.083787164,304,0,3.04,-2.53,2.53,2.53,0,"	34,35" 
2019-01-18T20:55:00Z,"META",2019-01-23T20:55:00Z,Buy,148.63361226,142.819239978,467,-2715.31,5.06,-3081.37,787.72,3869.09,0,"	33,38" 
2019-01-22T20:55:00Z,"META",2019-01-23T20:55:00Z,Buy,146.004245955,142.819239978,78,-248.43,1,-309.57,336.66,363.75,0,"	36,38" 
2019-01-22T20:55:00Z,"BIL",2019-01-23T20:55:00Z,Buy,76.092096883,76.092096883,154,0,2,-1.28,1.28,1.28,0,"	37,39" 
2019-01-23T20:55:00Z,"MSFT",2019-01-24T20:55:00Z,Buy,99.27944787,99.167425926,892,-99.92,8.92,-799.39,349.73,1149.12,0,"	40,41" 
2019-01-24T20:55:00Z,"BIL",2019-01-25T20:55:00Z,Buy,76.11702604,76.108716321,224,-1.86,2.24,-1.86,0,1.86,0,"	43,44" 
2019-01-24T20:55:00Z,"NVDA",2019-01-28T20:55:00Z,Buy,3.9123246578,3.4147935725,18490,-9199.35,184.9,-12215.38,1324.67,13540.05,0,"	42,46" 
2019-01-25T20:55:00Z,"BIL",2019-01-28T20:55:00Z,Buy,76.11702604,76.11702604,261,0,2.61,-2.17,2.17,2.17,0,"	45,47" 
2019-01-28T20:55:00Z,"GOOGL",2019-01-29T20:55:00Z,Buy,53.6004946218,53.0307039132,1496,-852.41,14.96,-1076.45,231.46,1307.91,0,"	48,49" 
2019-01-29T20:55:00Z,"AAPL",2019-01-31T20:55:00Z,Buy,36.607318108,39.548426988,1977,5814.57,19.77,0,6874.32,1252.01,1,"	50,51" 
2019-01-31T20:55:00Z,"META",2019-02-01T20:55:00Z,Buy,166.215639024,164.548720008,87,-145.02,3.555,-145.02,116.54,261.56,0,"	52,53" 
2019-01-31T20:55:00Z,"META",2019-02-04T20:55:00Z,Buy,166.215639024,167.634504615,424,601.6,2.12,-1081.2,685.74,1649.14,1,"	52,55" 
2019-02-01T20:55:00Z,"BIL",2019-02-04T20:55:00Z,Buy,76.000689974,75.992380255,188,-1.56,2,-1.56,0,1.56,0,"	54,56" 
2019-02-04T20:55:00Z,"AAPL",2019-02-05T20:55:00Z,Buy,40.53512158,41.275142524,2109,1560.7,21.09,0,2045.92,1140.51,1,"	57,58" 
2019-02-05T20:55:00Z,"GOOGL",2019-02-06T20:55:00Z,Buy,57.0663495064,55.7621288244,1526,-1990.24,15.26,-2432.18,214.92,2647.1,0,"	59,60" 
2019-02-06T20:55:00Z,"AAPL",2019-02-08T20:55:00Z,Buy,41.301233006,40.480294293,2059,-1690.31,20.59,-2376.96,53.72,2430.68,0,"	61,62" 
2019-02-08T20:55:00Z,"BIL",2019-02-11T20:55:00Z,Buy,76.03392885,76.025619131,452,-3.76,4.52,-3.76,0,3.76,0,"	64,65" 
2019-02-08T20:55:00Z,"NVDA",2019-02-12T20:55:00Z,Buy,3.661451983,3.745737269,13351,1125.29,133.51,-999.52,1343.73,1155.08,1,"	63,67" 
2019-02-11T20:55:00Z,"BIL",2019-02-12T20:55:00Z,Buy,76.03392885,76.03392885,447,0,4.47,-3.71,3.71,3.71,0,"	66,68" 
2019-02-12T20:55:00Z,"META",2019-02-13T20:55:00Z,Buy,163.546584171,162.574214745,449,-436.59,4.49,-436.59,605.89,1042.48,0,"	69,71" 
2019-02-12T20:55:00Z,"BIL",2019-02-13T20:55:00Z,Buy,76.042238569,76.03392885,141,-1.17,2,-1.17,0,1.17,0,"	70,72" 
2019-02-13T20:55:00Z,"NVDA",2019-02-14T20:55:00Z,Buy,3.7851530351,3.8270477802,12957,542.83,129.57,-420.77,934.7,982.88,1,"	73,75" 
2019-02-13T20:55:00Z,"BIL",2019-02-14T20:55:00Z,Buy,76.042238569,76.058858007,457,7.6,4.57,0,11.39,3.8,1,"	74,76" 
2019-02-14T20:55:00Z,"MSFT",2019-02-15T20:55:00Z,Buy,99.8862334,100.8197496,844,787.89,8.44,-78.79,1000.62,709.1,1,"	77,78" 
2019-02-15T20:55:00Z,"NVDA",2019-02-19T20:55:00Z,Buy,3.9006734565,3.8872869699,12744,-170.6,127.44,-176.92,767.69,944.6,0,"	79,81" 
2019-02-15T20:55:00Z,"BIL",2019-02-19T20:55:00Z,Buy,76.067167726,76.067167726,464,0,4.64,-3.86,3.86,3.86,0,"	80,82" 
2019-02-19T20:55:00Z,"MSFT",2019-03-04T20:55:00Z,Buy,101.00645284,105.11283636,839,3445.26,8.39,-1108.96,4286.88,1856.29,1,"	83,84" 
2019-03-04T20:55:00Z,"AMZN",2019-03-05T20:55:00Z,Buy,84.678377385,84.758189705,1041,83.08,10.41,-262.24,438.79,701.03,1,"	85,86" 
2019-03-05T20:55:00Z,"META",2019-03-11T19:55:00Z,Buy,170.373014427,170.601223578,518,118.21,5.18,-2657.21,1305.48,3525.81,1,"	87,88" 
2019-03-11T19:55:00Z,"GOOGL",2019-03-13T19:55:00Z,Buy,58.3909021458,59.470975395,1514,1635.23,15.14,-2064.69,2215.6,4280.28,1,"	89,90" 
2019-03-13T19:55:00Z,"NVDA",2019-03-14T19:55:00Z,Buy,4.1858511295,4.102223442125,21480,-1796.32,214.8,-1796.32,330.48,2126.8,0,"	91,92" 
2019-03-14T19:55:00Z,"AAPL",2019-03-18T19:55:00Z,Buy,43.800850386,44.763192324,2009,1933.34,20.09,-81.35,2148.69,636.47,1,"	93,94" 
2019-03-18T19:55:00Z,"AMZN",2019-03-19T19:55:00Z,Buy,86.915117653,87.819491004,1034,935.12,10.34,-77.37,2134.84,1432.86,1,"	95,96" 
2019-03-19T19:55:00Z,"NVDA",2019-03-21T19:55:00Z,Buy,4.353602811,4.583640989625,20843,4794.69,208.43,-1215.48,4939.51,2834.4,1,"	97,98" 
2019-03-21T19:55:00Z,"AAPL",2019-03-22T19:55:00Z,Buy,46.6473816135,45.554027778,2045,-2235.91,20.45,-2308.98,813.5,3122.48,0,"	99,100" 
2019-03-22T19:55:00Z,"NVDA",2019-03-25T19:55:00Z,Buy,4.4062113265,4.305212902875,21122,-2133.29,211.22,-3291.66,387.87,3679.53,0,"	101,102" 
2019-03-25T19:55:00Z,"AAPL",2019-03-26T19:55:00Z,Buy,44.929934739,44.363010528,2021,-1145.75,20.21,-1786.03,1978.59,3764.62,0,"	103,104" 
2019-03-26T19:55:00Z,"AMZN",2019-03-27T19:55:00Z,Buy,88.778236498,87.964649661,1009,-820.91,10.09,-1621.18,341.25,1962.43,0,"	105,106" 
2019-03-27T19:55:00Z,"MSFT",2019-03-28T19:55:00Z,Buy,109.35972495,109.76285124,812,327.34,8.12,-373.01,601.39,974.4,1,"	107,108" 
2019-03-28T19:55:00Z,"AMZN",2019-03-29T19:55:00Z,Buy,88.470460239,88.693934735,1007,225.04,10.07,-41.19,943.86,771.56,1,"	109,110" 
2019-03-29T19:55:00Z,"META",2019-04-05T19:55:00Z,Buy,165.134126091,174.024360843,541,4809.62,5.41,0,6183.79,2651.73,1,"	111,112" 
2019-04-05T19:55:00Z,"NVDA",2019-04-09T19:55:00Z,Buy,4.733525628125,4.696798928625,19871,-729.8,198.71,-1548.35,922.11,2470.46,0,"	113,114" 
2019-04-09T19:55:00Z,"AAPL",2019-04-15T19:55:00Z,Buy,47.554936758,47.388194343,1960,-326.82,19.6,-1536.03,560.25,2096.29,0,"	115,116" 
2019-04-15T19:55:00Z,"META",2019-04-17T19:55:00Z,Buy,178.280957616,177.348276738,521,-485.93,5.21,-661.69,496.27,1157.95,0,"	117,118" 
2019-04-17T19:55:00Z,"AAPL",2019-04-18T19:55:00Z,Buy,48.4243793505,48.5196607305,1907,181.7,19.07,-308.89,367.95,554.19,1,"	119,120" 
2019-04-18T19:55:00Z,"MSFT",2019-04-25T19:55:00Z,Buy,115.6878702,121.34101329,800,4522.51,8,-405,5722.52,1597.51,1,"	121,122" 
2019-04-25T19:55:00Z,"META",2019-04-30T19:55:00Z,Buy,192.112416594,191.536932648,505,-290.62,5.05,-1924.1,1858.96,2510.35,0,"	123,124" 
2019-04-30T19:55:00Z,"MSFT",2019-05-01T19:55:00Z,Buy,122.26914126,119.95350885,791,-1831.67,7.91,-1831.67,133.48,1965.15,0,"	125,126" 
2019-05-01T19:55:00Z,"AAPL",2019-05-03T19:55:00Z,Buy,50.3061866055,50.413378158,1887,202.27,18.87,-1254.08,584.34,1838.41,1,"	127,128" 
2019-05-03T19:55:00Z,"AMZN",2019-05-06T19:55:00Z,Buy,97.880831594,97.443360315,971,-424.78,9.71,-2220.31,56.19,2276.5,0,"	129,130" 
2019-05-06T19:55:00Z,"META",2019-05-08T19:55:00Z,Buy,192.449769252,188.282471712,492,-2050.31,4.92,-2953.42,0,2953.42,0,"	131,132" 
2019-05-08T19:55:00Z,"AMZN",2019-05-09T19:55:00Z,Buy,95.83464324,94.700310642,966,-1095.77,9.66,-2150.09,0,2150.09,0,"	133,134" 
2019-05-09T19:55:00Z,"TSLA",2019-05-13T19:55:00Z,Buy,16.0979983902,15.1453318188,5455,-5196.8,54.55,-6109.6,185.47,6295.07,0,"	135,136" 
2019-05-13T19:55:00Z,"UUP",2019-05-15T19:55:00Z,Buy,22.10211075,22.1612751,3903,230.92,39.03,0,362.87,197.93,1,"	137,138" 
2019-05-15T19:55:00Z,"MSFT",2019-05-30T19:55:00Z,Buy,118.572045533,118.101558883,729,-342.98,7.29,-1282.76,3004.55,4287.31,0,"	139,140" 
2019-05-30T19:55:00Z,"UUP",2019-06-03T19:55:00Z,Buy,22.33876815,22.11901485,3854,-846.93,38.54,-912.08,0,912.08,0,"	141,142" 
2019-06-03T19:55:00Z,"BIL",2019-06-17T19:55:00Z,Buy,76.572100095,76.647458094,1113,83.87,11.13,-9.32,93.19,9.32,1,"	143,144" 
2019-06-17T19:55:00Z,"AAPL",2019-06-18T19:55:00Z,Buy,46.336818935,47.3817766125,1841,1923.77,18.41,-35.22,2843.83,928.87,1,"	145,146" 
2019-06-18T19:55:00Z,"META",2019-06-19T19:55:00Z,Buy,187.300180149,186.208745079,465,-507.52,4.65,-1947.02,0,1947.02,0,"	147,148" 
2019-06-19T19:55:00Z,"AMZN",2019-06-21T19:55:00Z,Buy,95.363750552,95.1761916,909,-170.49,9.09,-230.8,1031.11,1261.91,0,"	149,150" 
2019-06-21T19:55:00Z,"MSFT",2019-06-25T19:55:00Z,Buy,129.054488095,125.347053293,670,-2483.98,6.7,-2755.08,781.76,3536.84,0,"	151,152" 
2019-06-25T19:55:00Z,"META",2019-06-27T19:55:00Z,Buy,187.210880916,187.736754177,448,235.59,4.48,-582.31,884.58,1466.89,1,"	153,154" 
2019-06-27T19:55:00Z,"NVDA",2019-07-03T16:55:00Z,Buy,4.0674044245,4.0356045365,19966,-634.92,199.66,-1582.33,4900.76,6483.09,0,"	155,156" 
2019-07-03T16:55:00Z,"TSLA",2019-07-05T19:55:00Z,Buy,15.6719984328,15.5386651128,5322,-709.6,53.22,-1465.32,106.44,1571.76,0,"	157,158" 
2019-07-05T19:55:00Z,"META",2019-07-08T19:55:00Z,Buy,194.880692817,194.186143227,424,-294.49,4.24,-1119.06,100.97,1119.06,0,"	159,160" 
2019-07-08T19:55:00Z,"AMZN",2019-07-12T19:55:00Z,Buy,97.420414273,100.272707059,845,2410.19,8.45,-296.32,3460.17,1507.32,1,"	161,162" 
2019-07-12T19:55:00Z,"TSLA",2019-07-19T19:55:00Z,Buy,16.3253317008,17.2406649426,5191,4751.49,51.91,0,5187.54,2117.93,1,"	163,164" 
2019-07-19T19:55:00Z,"GOOGL",2019-07-22T19:55:00Z,Buy,56.215382704,56.3993621234,1591,292.71,15.91,-661.95,406.32,954.66,1,"	165,166" 
2019-07-22T19:55:00Z,"TSLA",2019-07-25T19:55:00Z,Buy,17.0346649632,15.3439984656,5267,-8904.74,52.67,-10439.19,3679.88,14119.07,0,"	167,168" 
2019-07-25T19:55:00Z,"UUP",2019-07-26T19:55:00Z,Buy,22.3979325,22.44019275,3607,152.43,36.07,0,243.89,91.46,1,"	169,170" 
2019-07-26T19:55:00Z,"GOOGL",2019-07-31T19:55:00Z,Buy,62.2113265314,60.420626576,1300,-2327.91,13,-2897.8,0,2897.8,0,"	171,172" 
2019-07-31T19:55:00Z,"AAPL",2019-08-02T19:55:00Z,Buy,51.1718405,48.6108572675,1535,-3931.11,15.35,-4518.39,1449.85,5968.24,0,"	173,174" 
2019-08-02T19:55:00Z,"GOOGL",2019-08-05T19:55:00Z,Buy,59.1972378222,57.3390952764,1261,-2343.12,12.61,-3171.68,191.35,3363.03,0,"	175,176" 
2019-08-05T19:55:00Z,"UUP",2019-08-06T19:55:00Z,Buy,22.3641243,22.3810284,3233,54.65,32.33,-27.33,136.63,163.95,1,"	177,178" 
2019-08-06T19:55:00Z,"GOOGL",2019-08-08T19:55:00Z,Buy,58.1910538816,59.7625654182,1243,1953.39,12.43,-1361.64,1953.39,1361.64,1,"	179,180" 
2019-08-08T19:55:00Z,"TSLA",2019-08-09T19:55:00Z,Buy,15.89999841,15.6786650988,3294,-729.07,32.94,-990.4,52.7,1043.1,0,"	181,183" 
2019-08-08T19:55:00Z,"BIL",2019-08-09T19:55:00Z,Buy,76.890344098,76.8819417,284,-2.39,2.84,-2.39,0,2.39,0,"	182,184" 
2019-08-09T19:55:00Z,"MSFT",2019-08-14T19:55:00Z,Buy,129.816676468,126.991792217,566,-1598.88,5.66,-2015.69,415.42,2431.11,0,"	185,186" 
2019-08-14T19:55:00Z,"UUP",2019-08-16T19:55:00Z,Buy,22.49090505,22.5331653,3197,135.11,31.97,-54.04,270.21,162.13,1,"	187,188" 
2019-08-16T19:55:00Z,"AAPL",2019-08-19T19:55:00Z,Buy,49.580452208,50.588575268,1452,1463.79,14.52,-20.91,2084.16,669.16,1,"	189,190" 
2019-08-19T19:55:00Z,"NVDA",2019-08-20T19:55:00Z,Buy,4.257210006,4.187647751,14286,-993.77,142.86,-1511.94,0,1511.94,0,"	191,193" 
2019-08-19T19:55:00Z,"BIL",2019-08-20T19:55:00Z,Buy,76.932356088,76.92395369,163,-1.37,2,-1.37,0,1.37,0,"	192,194" 
2019-08-20T19:55:00Z,"AAPL",2019-08-23T19:55:00Z,Buy,50.708589918,48.514722116,1425,-3126.26,14.25,-3160.47,1084.27,4244.74,0,"	195,196" 
2019-08-23T19:55:00Z,"NVDA",2019-08-26T19:55:00Z,Buy,4.02417645175,4.096968382875,13012,947.17,130.12,-67.89,1487.02,759.67,1,"	197,199" 
2019-08-23T19:55:00Z,"BIL",2019-08-26T19:55:00Z,Buy,76.949160884,76.949160884,217,0,2.17,-1.82,1.82,1.82,0,"	198,200" 
2019-08-26T19:55:00Z,"UUP",2019-08-27T19:55:00Z,Buy,22.52471325,22.50780915,3106,-52.5,31.06,-105.01,26.25,131.26,0,"	201,202" 
2019-08-27T19:55:00Z,"AAPL",2019-08-29T19:55:00Z,Buy,49.201205914,50.110916961,1420,1291.79,14.2,-538.53,1475.84,804.39,1,"	203,204" 
2019-08-29T19:55:00Z,"NVDA",2019-08-30T19:55:00Z,Buy,4.15548499275,4.154241580125,12422,-15.45,124.22,-98.85,1158.43,1254.19,0,"	205,207" 
2019-08-29T19:55:00Z,"BIL",2019-08-30T19:55:00Z,Buy,76.974368078,76.974368078,253,0,2.53,-2.13,2.13,2.13,0,"	206,208" 
2019-08-30T19:55:00Z,"UUP",2019-09-05T19:55:00Z,Buy,22.72756245,22.6176858,3126,-343.47,31.26,-581.26,290.63,871.9,0,"	209,210" 
2019-09-05T19:55:00Z,"BIL",2019-09-06T19:55:00Z,Buy,76.856734506,76.848332108,199,-1.67,2,-1.67,1.67,3.34,0,"	212,213" 
2019-09-05T19:55:00Z,"NVDA",2019-09-06T19:55:00Z,Buy,4.4703170694,4.43898307125,880,-27.57,66.265,-56.9,24.95,61.71,0,"	211,214" 
2019-09-05T19:55:00Z,"NVDA",2019-09-11T19:55:00Z,Buy,4.4703170694,4.572525587175,11493,1174.68,57.465,-743.11,1852.05,1426.2,1,"	211,220" 
2019-09-06T19:55:00Z,"BIL",2019-09-09T19:55:00Z,Buy,76.856734506,76.856734506,249,0,2.49,0,2.09,2.09,0,"	215,216" 
2019-09-09T19:55:00Z,"BIL",2019-09-10T19:55:00Z,Buy,76.865136904,76.865136904,248,0,2.48,-2.08,2.08,2.08,0,"	217,218" 
2019-09-10T19:55:00Z,"BIL",2019-09-11T19:55:00Z,Buy,76.873539302,76.865136904,233,-1.96,2.33,-1.96,0,1.96,0,"	219,221" 
2019-09-11T19:55:00Z,"TSLA",2019-09-20T19:55:00Z,Buy,16.4653316868,16.0313317302,4191,-1818.89,41.91,-2425.19,1743.46,4168.65,0,"	222,223" 
2019-09-20T19:55:00Z,"MSFT",2019-09-26T19:55:00Z,Buy,131.627356114,131.89170599,530,140.11,5.3,-1606.21,615.46,2221.67,1,"	224,225" 
2019-09-26T19:55:00Z,"UUP",2019-09-27T19:55:00Z,Buy,22.8543432,22.82898705,3061,-77.62,30.61,-129.36,25.87,155.23,0,"	226,227" 
2019-09-27T19:55:00Z,"MSFT",2019-10-01T19:55:00Z,Buy,129.937405121,129.578644575,537,-192.65,5.37,-228.14,1302.95,1531.1,0,"	228,229" 
2019-10-01T19:55:00Z,"UUP",2019-10-04T19:55:00Z,Buy,22.8374391,22.77827475,3049,-180.39,30.49,-309.24,51.54,360.78,0,"	230,231" 
2019-10-04T19:55:00Z,"AAPL",2019-10-07T19:55:00Z,Buy,54.467448756,54.405041138,1274,-79.51,12.74,-269.1,917.39,1006.07,0,"	232,233" 
2019-10-07T19:55:00Z,"NVDA",2019-10-08T19:55:00Z,Buy,4.585954443525,4.41709900905,15105,-2550.56,151.05,-2899.9,206.6,3106.5,0,"	234,235" 
2019-10-08T19:55:00Z,"BIL",2019-10-09T19:55:00Z,Buy,76.988725212,76.988725212,101,0,2,0,0.85,0.85,0,"	237,238" 
2019-10-08T19:55:00Z,"TSLA",2019-10-10T19:55:00Z,Buy,16.0659983934,16.3139983686,3663,908.42,36.63,-229.55,1929.18,1702.07,1,"	236,240" 
2019-10-09T19:55:00Z,"BIL",2019-10-10T19:55:00Z,Buy,76.9971402,77.005555188,99,0.83,2,-0.83,1.67,0.83,1,"	239,241" 
2019-10-10T19:55:00Z,"AAPL",2019-10-14T19:55:00Z,Buy,55.269146618,56.706922125,1221,1755.52,12.21,-49.82,2297.71,682.87,1,"	242,243" 
2019-10-14T19:55:00Z,"TSLA",2019-10-15T19:55:00Z,Buy,17.1606649506,17.186664948,3811,99.09,38.11,-830.8,642.79,830.8,1,"	244,245" 
2019-10-15T19:55:00Z,"NVDA",2019-10-16T19:55:00Z,Buy,4.889347124025,4.8373724763,14164,-736.17,141.64,-996.82,866.5,1863.32,0,"	246,247" 
2019-10-16T19:55:00Z,"TSLA",2019-10-21T19:55:00Z,Buy,17.3126649354,16.8726649794,3605,-1586.2,36.05,-2213.47,1180.04,3393.51,0,"	248,249" 
2019-10-21T19:55:00Z,"NVDA",2019-10-23T19:55:00Z,Buy,4.86970120455,4.838118523875,13709,-432.97,137.09,-1575.05,2028.47,3603.51,0,"	250,251" 
2019-10-23T19:55:00Z,"AAPL",2019-10-24T19:55:00Z,Buy,58.315118435,58.430332499,1136,130.88,11.36,-286.31,354.48,640.78,1,"	252,253" 
2019-10-24T19:55:00Z,"TSLA",2019-10-25T19:55:00Z,Buy,19.9946646672,21.8839978116,1296,2448.58,23.07,-284.26,2590.27,327.46,1,"	254,255" 
2019-10-24T19:55:00Z,"TSLA",2019-10-30T19:55:00Z,Buy,19.9946646672,21.023331231,188,193.39,1,-41.23,503.97,377.38,1,"	254,262" 
2019-10-24T19:55:00Z,"TSLA",2019-10-31T19:55:00Z,Buy,19.9946646672,20.9446645722,1834,1742.3,9.17,-402.26,4916.34,3681.45,1,"	254,264" 
2019-10-25T19:55:00Z,"BIL",2019-10-28T19:55:00Z,Buy,77.056045116,77.047630128,367,-3.09,3.67,-3.09,0,3.09,0,"	256,257" 
2019-10-28T19:55:00Z,"BIL",2019-10-29T19:55:00Z,Buy,77.056045116,77.056045116,414,0,4.14,-3.48,3.48,3.48,0,"	258,259" 
2019-10-29T19:55:00Z,"BIL",2019-10-30T19:55:00Z,Buy,77.064460104,77.064460104,403,0,4.03,-6.78,3.39,6.78,0,"	260,261" 
2019-10-30T19:55:00Z,"BIL",2019-10-31T19:55:00Z,Buy,77.072875092,77.072875092,419,0,4.19,-3.53,3.53,3.53,0,"	263,265" 
2019-10-31T19:55:00Z,"META",2019-11-01T19:55:00Z,Buy,190.157755605,191.487321963,371,493.27,3.71,-633.15,831.93,1465.08,1,"	266,267" 
2019-11-01T19:55:00Z,"AAPL",2019-11-05T20:55:00Z,Buy,61.27948029,61.745137132,1161,540.63,11.61,0,788.65,615.87,1,"	268,269" 
2019-11-05T20:55:00Z,"MSFT",2019-11-06T20:55:00Z,Buy,136.565034155,135.979688001,525,-307.31,5.25,-703.83,0,703.83,0,"	270,271" 
2019-11-06T20:55:00Z,"BIL",2019-11-07T20:55:00Z,Buy,77.097029556,77.097029556,403,0,4.03,-3.4,3.4,3.4,0,"	273,274" 
2019-11-06T20:55:00Z,"TSLA",2019-11-08T20:55:00Z,Buy,21.7353311598,22.436664423,1855,1300.97,18.55,-27.21,1873.55,1022.72,1,"	272,276" 
2019-11-07T20:55:00Z,"BIL",2019-11-08T20:55:00Z,Buy,77.105457303,77.097029556,411,-3.46,4.11,-3.46,0,3.46,0,"	275,277" 
2019-11-08T20:55:00Z,"AAPL",2019-11-11T20:55:00Z,Buy,62.5901655015,63.0812953485,1160,569.71,11.6,-438.45,687,483.14,1,"	278,279" 
2019-11-11T20:55:00Z,"BIL",2019-11-12T20:55:00Z,Buy,77.105457303,77.105457303,414,0,4.14,0,3.49,3.49,0,"	281,282" 
2019-11-11T20:55:00Z,"TSLA",2019-11-21T20:55:00Z,Buy,23.0253310308,23.6386643028,1791,1098.48,17.91,-261.49,1835.18,1521.16,1,"	280,296" 
2019-11-12T20:55:00Z,"BIL",2019-11-13T20:55:00Z,Buy,77.11388505,77.105457303,415,-3.5,4.15,-3.5,0,3.5,0,"	283,284" 
2019-11-13T20:55:00Z,"BIL",2019-11-14T20:55:00Z,Buy,77.11388505,77.11388505,411,0,4.11,0,3.46,3.46,0,"	285,286" 
2019-11-14T20:55:00Z,"BIL",2019-11-15T20:55:00Z,Buy,77.122312797,77.11388505,417,-3.51,4.17,-3.51,0,3.51,0,"	287,288" 
2019-11-15T20:55:00Z,"BIL",2019-11-18T20:55:00Z,Buy,77.122312797,77.122312797,419,0,4.19,-3.53,3.53,3.53,0,"	289,290" 
2019-11-18T20:55:00Z,"BIL",2019-11-19T20:55:00Z,Buy,77.130740544,77.122312797,410,-3.46,4.1,-3.46,0,3.46,0,"	291,292" 
2019-11-19T20:55:00Z,"BIL",2019-11-20T20:55:00Z,Buy,77.130740544,77.122312797,414,-3.49,4.14,-3.49,0,3.49,0,"	293,294" 
2019-11-20T20:55:00Z,"BIL",2019-11-21T20:55:00Z,Buy,77.130740544,77.130740544,409,0,4.09,0,3.45,3.45,0,"	295,297" 
2019-11-21T20:55:00Z,"META",2019-11-26T20:55:00Z,Buy,196.16064849,197.142940053,378,371.31,3.78,-11.25,1192.68,1057.66,1,"	298,299" 
2019-11-26T20:55:00Z,"NVDA",2019-11-27T20:55:00Z,Buy,5.3984002527,5.4282657373,13810,412.44,138.1,-27.47,1031.07,924.51,1,"	300,301" 
2019-11-27T20:55:00Z,"META",2019-11-29T17:55:00Z,Buy,200.82405288,200.079892605,372,-276.83,3.72,-391.25,494.6,771.43,0,"	302,303" 
2019-11-29T17:55:00Z,"NVDA",2019-12-03T20:55:00Z,Buy,5.387700575225,5.169693937325,13837,-3016.56,138.37,-5485.59,86.09,5571.68,0,"	304,305" 
2019-12-03T20:55:00Z,"META",2019-12-06T20:55:00Z,Buy,197.281849971,199.395265152,362,765.06,3.62,-262.2,966.2,1055.99,1,"	306,307" 
2019-12-06T20:55:00Z,"AAPL",2019-12-09T20:55:00Z,Buy,65.18304219375,64.289859972,1108,-989.65,11.08,-1541.82,5.34,1547.16,0,"	308,309" 
2019-12-09T20:55:00Z,"GOOGL",2019-12-10T20:55:00Z,Buy,66.6610497936,66.4820293882,1068,-191.19,10.68,-473.48,203.38,533.86,0,"	310,311" 
2019-12-10T20:55:00Z,"AAPL",2019-12-11T20:55:00Z,Buy,64.5450548925,65.19748718925,1100,717.68,11,-84.74,781.23,489.93,1,"	312,313" 
2019-12-11T20:55:00Z,"TSLA",2019-12-13T20:55:00Z,Buy,23.5159976484,23.8673309466,3049,1071.22,30.49,-26.42,2506.28,2024.54,1,"	314,315" 
2019-12-13T20:55:00Z,"NVDA",2019-12-16T20:55:00Z,Buy,5.57410122795,5.6094402035,13043,460.93,130.43,-12.98,1278.91,840.7,1,"	316,317" 
2019-12-16T20:55:00Z,"TSLA",2020-01-14T20:55:00Z,Buy,25.3426641324,35.8453297488,448,4705.19,16.665,-123.05,4975.19,904.36,1,"	318,319" 
2019-12-16T20:55:00Z,"TSLA",2020-01-22T20:55:00Z,Buy,25.3426641324,38.0273295306,228,2892.1,1.14,-62.62,3241.86,757.26,1,"	318,330" 
2019-12-16T20:55:00Z,"TSLA",2020-01-31T20:55:00Z,Buy,25.3426641324,43.5106623156,304,5523.07,1.52,-83.5,5526.31,1084.47,1,"	318,345" 
2019-12-16T20:55:00Z,"TSLA",2020-02-04T20:55:00Z,Buy,25.3426641324,58.26666084,700,23046.8,3.5,-192.27,27398,4351.2,1,"	318,350" 
2019-12-16T20:55:00Z,"TSLA",2020-02-06T20:55:00Z,Buy,25.3426641324,49.999995,256,6312.28,1.28,-70.31,10019.84,4697.43,1,"	318,355" 
2019-12-16T20:55:00Z,"TSLA",2020-02-14T20:55:00Z,Buy,25.3426641324,53.2626613404,949,26496.08,4.745,-260.66,37143.86,17413.52,1,"	318,367" 
2020-01-14T20:55:00Z,"BIL",2020-01-15T20:55:00Z,Buy,77.301474628,77.293025456,206,-1.74,2.06,-1.74,0,1.74,0,"	320,321" 
2020-01-15T20:55:00Z,"BIL",2020-01-16T20:55:00Z,Buy,77.301474628,77.3099238,182,1.54,2,-1.54,2.31,1.54,1,"	322,323" 
2020-01-16T20:55:00Z,"BIL",2020-01-17T20:55:00Z,Buy,77.318372972,77.3099238,207,-1.75,2.07,-1.75,0,1.75,0,"	324,325" 
2020-01-17T20:55:00Z,"BIL",2020-01-21T20:55:00Z,Buy,77.318372972,77.3099238,210,-1.77,2.1,-1.77,0,1.77,0,"	326,327" 
2020-01-21T20:55:00Z,"BIL",2020-01-22T20:55:00Z,Buy,77.318372972,77.3099238,220,-1.86,2.2,-1.86,0,1.86,0,"	328,329" 
2020-01-22T20:55:00Z,"BIL",2020-01-23T20:55:00Z,Buy,77.318372972,77.326822144,318,2.69,3.18,-1.34,5.37,2.69,1,"	331,332" 
2020-01-23T20:55:00Z,"BIL",2020-01-24T20:55:00Z,Buy,77.335271316,77.326822144,329,-2.78,3.29,-2.78,0,2.78,0,"	333,334" 
2020-01-24T20:55:00Z,"BIL",2020-01-27T20:55:00Z,Buy,77.335271316,77.326822144,321,-2.71,3.21,-2.71,0,2.71,0,"	335,336" 
2020-01-27T20:55:00Z,"BIL",2020-01-28T20:55:00Z,Buy,77.335271316,77.335271316,339,0,3.39,-2.86,2.86,2.86,0,"	337,338" 
2020-01-28T20:55:00Z,"BIL",2020-01-29T20:55:00Z,Buy,77.343720488,77.335271316,359,-3.03,3.59,-3.03,0,3.03,0,"	339,340" 
2020-01-29T20:55:00Z,"BIL",2020-01-30T20:55:00Z,Buy,77.343720488,77.343720488,359,0,3.59,-1.52,3.03,3.03,0,"	341,342" 
2020-01-30T20:55:00Z,"BIL",2020-01-31T20:55:00Z,Buy,77.35216966,77.343720488,316,-2.67,3.16,-2.67,0,2.67,0,"	343,344" 
2020-01-31T20:55:00Z,"BIL",2020-02-03T20:55:00Z,Buy,77.35216966,77.350760208,488,-0.69,4.88,-4.12,3.44,4.13,0,"	346,347" 
2020-02-03T20:55:00Z,"BIL",2020-02-04T20:55:00Z,Buy,77.35921939,77.350760208,552,-4.67,5.52,-4.67,0,4.67,0,"	348,349" 
2020-02-04T20:55:00Z,"BIL",2020-02-05T20:55:00Z,Buy,77.35921939,77.35921939,1013,0,10.13,-8.57,4.28,8.57,0,"	351,352" 
2020-02-05T20:55:00Z,"BIL",2020-02-06T20:55:00Z,Buy,77.367678572,77.367678572,1001,0,10.01,-8.47,8.47,8.47,0,"	353,354" 
2020-02-06T20:55:00Z,"BIL",2020-02-07T20:55:00Z,Buy,77.376137754,77.367678572,1179,-9.97,11.79,-9.97,0,9.97,0,"	356,357" 
2020-02-07T20:55:00Z,"BIL",2020-02-10T20:55:00Z,Buy,77.376137754,77.367678572,1176,-9.95,11.76,-9.95,9.95,19.9,0,"	358,359" 
2020-02-10T20:55:00Z,"BIL",2020-02-11T20:55:00Z,Buy,77.376137754,77.367678572,1182,-10,11.82,-10,0,10,0,"	360,361" 
2020-02-11T20:55:00Z,"BIL",2020-02-12T20:55:00Z,Buy,77.376137754,77.376137754,1182,0,11.82,-5,10,10,0,"	362,363" 
2020-02-12T20:55:00Z,"BIL",2020-02-13T20:55:00Z,Buy,77.384596936,77.384596936,1163,0,11.63,-9.84,9.84,9.84,0,"	364,365" 
2020-02-13T20:55:00Z,"BIL",2020-02-14T20:55:00Z,Buy,77.393056118,77.393056118,1183,0,11.83,-10.01,10.01,20.01,0,"	366,368" 
2020-02-14T20:55:00Z,"NVDA",2020-02-19T20:55:00Z,Buy,7.2181101891,7.82783195035,19616,11960.3,196.16,-2004.99,12057.11,8137.4,1,"	369,370" 
2020-02-19T20:55:00Z,"BIL",2020-02-20T20:55:00Z,Buy,77.4015153,77.4015153,1272,0,12.72,0,10.76,10.76,0,"	372,373" 
2020-02-19T20:55:00Z,"TSLA",2020-02-27T20:55:00Z,Buy,61.1786605488,45.2553288078,897,-14283.23,8.97,-14830.4,0,14830.4,0,"	371,383" 
2020-02-20T20:55:00Z,"BIL",2020-02-21T20:55:00Z,Buy,77.409974482,77.409974482,1262,0,12.62,-10.68,10.68,10.68,0,"	374,375" 
2020-02-21T20:55:00Z,"BIL",2020-02-24T20:55:00Z,Buy,77.418433664,77.409974482,1270,-10.74,12.7,-10.74,0,10.74,0,"	376,377" 
2020-02-24T20:55:00Z,"BIL",2020-02-25T20:55:00Z,Buy,77.418433664,77.409974482,1239,-10.48,12.39,-10.48,0,10.48,0,"	378,379" 
2020-02-25T20:55:00Z,"BIL",2020-02-26T20:55:00Z,Buy,77.418433664,77.418433664,1246,0,12.46,-10.54,10.54,10.54,0,"	380,381" 
2020-02-26T20:55:00Z,"BIL",2020-02-27T20:55:00Z,Buy,77.426892846,77.426892846,1243,0,12.43,-5.26,15.77,15.77,0,"	382,384" 
2020-02-27T20:55:00Z,"UUP",2020-02-28T20:55:00Z,Buy,22.958516574,22.855060998,6057,-626.63,60.57,-731.07,261.1,992.16,0,"	385,386" 
2020-02-28T20:55:00Z,"BIL",2020-03-27T19:55:00Z,Buy,77.44381121,77.585492646,1786,253.04,17.86,-15.11,2990.52,2797.97,1,"	387,388" 
2020-03-27T19:55:00Z,"BIL",2020-03-30T19:55:00Z,Buy,77.593960829,77.585492646,688,-5.83,6.88,-5.83,0,5.83,0,"	390,391" 
2020-03-27T19:55:00Z,"AMZN",2020-03-30T19:55:00Z,Buy,95.056971947,97.987580572,896,2625.83,8.96,-246.27,2923.94,984.63,1,"	389,392" 
2020-03-30T19:55:00Z,"MSFT",2020-03-31T19:55:00Z,Buy,152.222548675,149.971269796,337,-758.68,3.37,-1027.58,1386.11,2413.69,0,"	393,395" 
2020-03-30T19:55:00Z,"BIL",2020-03-31T19:55:00Z,Buy,77.593960829,77.585492646,1158,-9.81,11.58,-19.61,0,19.61,0,"	394,396" 
2020-03-31T19:55:00Z,"NVDA",2020-04-01T19:55:00Z,Buy,6.593914552,6.0525561594,6439,-3485.81,64.39,-3734.33,0,3734.33,0,"	397,399" 
2020-03-31T19:55:00Z,"BIL",2020-04-01T19:55:00Z,Buy,77.593960829,77.578934496,1262,-18.96,12.62,-18.96,2.42,21.39,0,"	398,400" 
2020-04-01T19:55:00Z,"TSLA",2020-04-02T19:55:00Z,Buy,32.1326634534,30.259996974,1181,-2211.62,11.81,-2735.2,821.98,3557.17,0,"	401,403" 
2020-04-01T19:55:00Z,"BIL",2020-04-02T19:55:00Z,Buy,77.587407512,77.587407512,1274,0,12.74,-10.79,10.79,21.59,0,"	402,404" 
2020-04-02T19:55:00Z,"BIL",2020-04-03T19:55:00Z,Buy,77.595880528,77.578934496,1209,-20.49,12.09,-20.49,0,20.49,0,"	406,407" 
2020-04-02T19:55:00Z,"NVDA",2020-04-06T19:55:00Z,Buy,6.3556072927,6.700990959,6416,2215.98,64.16,-2663.33,2215.98,2717.65,1,"	405,409" 
2020-04-03T19:55:00Z,"BIL",2020-04-06T19:55:00Z,Buy,77.587407512,77.578934496,1196,-10.13,11.96,-20.27,0,20.27,0,"	408,410" 
2020-04-06T19:55:00Z,"BIL",2020-04-07T19:55:00Z,Buy,77.587407512,77.57046148,1112,-18.84,11.12,-18.84,0,18.84,0,"	412,413" 
2020-04-06T19:55:00Z,"MSFT",2020-04-13T19:55:00Z,Buy,157.646515932,156.953084041,319,-221.2,3.19,-1078.75,1027.24,2105.99,0,"	411,419" 
2020-04-07T19:55:00Z,"BIL",2020-04-08T19:55:00Z,Buy,77.578934496,77.57046148,1108,-9.39,11.08,-18.78,0,18.78,0,"	414,415" 
2020-04-08T19:55:00Z,"BIL",2020-04-09T19:55:00Z,Buy,77.578934496,77.561988464,1096,-18.57,10.96,-18.57,0,18.57,0,"	416,417" 
2020-04-09T19:55:00Z,"BIL",2020-04-13T19:55:00Z,Buy,77.57046148,77.561988464,1085,-9.19,10.85,-18.39,8.27,18.39,0,"	418,420" 
2020-04-13T19:55:00Z,"BIL",2020-04-14T19:55:00Z,Buy,77.57046148,77.57046148,1253,0,12.53,-15.93,10.62,26.54,0,"	422,423" 
2020-04-13T19:55:00Z,"TSLA",2020-04-21T19:55:00Z,Buy,43.309995669,45.8373287496,904,2284.71,10.65,-34.95,7353.14,5552.37,1,"	421,435" 
2020-04-14T19:55:00Z,"BIL",2020-04-15T19:55:00Z,Buy,77.578934496,77.561988464,1307,-22.15,13.07,-22.15,0,22.15,0,"	424,425" 
2020-04-15T19:55:00Z,"BIL",2020-04-16T19:55:00Z,Buy,77.57046148,77.57046148,1252,0,12.52,-10.61,10.61,10.61,0,"	426,427" 
2020-04-16T19:55:00Z,"BIL",2020-04-17T19:55:00Z,Buy,77.578934496,77.57046148,1255,-10.63,12.55,-21.27,0,21.27,0,"	428,429" 
2020-04-17T19:55:00Z,"BIL",2020-04-20T19:55:00Z,Buy,77.578934496,77.57046148,1147,-9.72,11.47,-9.72,0,9.72,0,"	431,432" 
2020-04-17T19:55:00Z,"TSLA",2020-04-21T19:55:00Z,Buy,50.2593283074,45.8373287496,161,-711.94,1,-1125.07,190.73,915.71,0,"	430,435" 
2020-04-20T19:55:00Z,"TSLA",2020-04-21T19:55:00Z,Buy,50.0613283272,45.8373287496,161,-680.06,1,-1093.19,222.61,767.06,0,"	433,435" 
2020-04-20T19:55:00Z,"BIL",2020-04-21T19:55:00Z,Buy,77.578934496,77.57046148,1043,-8.84,10.43,-8.84,8.84,17.67,0,"	434,436" 
2020-04-21T19:55:00Z,"GOOGL",2020-04-22T19:55:00Z,Buy,60.0720078918,62.6640845096,1662,4308.03,16.62,-55.22,5644.86,1336.83,1,"	437,439" 
2020-04-21T19:55:00Z,"BIL",2020-04-22T19:55:00Z,Buy,77.578934496,77.57046148,480,-4.07,4.8,-4.07,0,4.07,0,"	438,440" 
2020-04-22T19:55:00Z,"BIL",2020-04-23T19:55:00Z,Buy,77.578934496,77.57046148,1098,-9.3,10.98,-9.3,0,9.3,0,"	442,443" 
2020-04-22T19:55:00Z,"TSLA",2020-04-30T19:55:00Z,Buy,48.7113284622,51.9073281426,1154,3688.18,12.45,-2314.92,10426.77,7861.05,1,"	441,454" 
2020-04-23T19:55:00Z,"BIL",2020-04-24T19:55:00Z,Buy,77.578934496,77.57046148,987,-8.36,9.87,-8.36,0,8.36,0,"	445,446" 
2020-04-23T19:55:00Z,"TSLA",2020-04-30T19:55:00Z,Buy,46.973328636,51.9073281426,182,897.99,1,-48.78,1960.75,1239.78,1,"	444,454" 
2020-04-24T19:55:00Z,"BIL",2020-04-27T19:55:00Z,Buy,77.578934496,77.57046148,1003,-8.5,10.03,-8.5,0,8.5,0,"	447,448" 
2020-04-27T19:55:00Z,"BIL",2020-04-28T19:55:00Z,Buy,77.578934496,77.57046148,1040,-8.81,10.4,-8.81,0,8.81,0,"	449,450" 
2020-04-28T19:55:00Z,"BIL",2020-04-29T19:55:00Z,Buy,77.578934496,77.57046148,1047,-8.87,10.47,-13.31,0,13.31,0,"	451,452" 
2020-04-29T19:55:00Z,"BIL",2020-04-30T19:55:00Z,Buy,77.578934496,77.561988464,1078,-18.27,10.78,-18.27,0,18.27,0,"	453,455" 
2020-04-30T19:55:00Z,"BIL",2020-05-01T19:55:00Z,Buy,77.57046148,77.565661479,408,-1.96,4.08,-3.46,4.96,6.92,0,"	457,458" 
2020-04-30T19:55:00Z,"META",2020-05-04T19:55:00Z,Buy,203.383964226,203.016845157,561,-205.95,5.61,-3275.78,1235.72,4511.5,0,"	456,460" 
2020-05-01T19:55:00Z,"BIL",2020-05-04T19:55:00Z,Buy,77.574135822,77.565661479,367,-3.11,3.67,-3.11,3.11,6.22,0,"	459,461" 
2020-05-04T19:55:00Z,"BIL",2020-05-05T19:55:00Z,Buy,77.574135822,77.574135822,1068,0,10.68,-9.05,9.05,18.1,0,"	463,464" 
2020-05-04T19:55:00Z,"TSLA",2020-05-08T19:55:00Z,Buy,50.6666616,54.506661216,1238,4753.92,12.38,-23.11,5240.04,2933.23,1,"	462,470" 
2020-05-05T19:55:00Z,"BIL",2020-05-06T19:55:00Z,Buy,77.582610165,77.565661479,1089,-18.46,10.89,-18.46,0,18.46,0,"	465,466" 
2020-05-06T19:55:00Z,"BIL",2020-05-07T19:55:00Z,Buy,77.574135822,77.565661479,1083,-9.18,10.83,-9.18,7.98,17.16,0,"	467,468" 
2020-05-07T19:55:00Z,"BIL",2020-05-08T19:55:00Z,Buy,77.574135822,77.565661479,1073,-9.09,10.73,-9.09,4.55,13.64,0,"	469,471" 
2020-05-08T19:55:00Z,"AAPL",2020-05-11T19:55:00Z,Buy,75.0726041375,76.3599087435,2001,2575.9,20.01,-1225,3263.45,1225,1,"	472,473" 
2020-05-11T19:55:00Z,"BIL",2020-05-12T19:55:00Z,Buy,77.574135822,77.565661479,322,-2.73,3.22,-2.73,0,2.73,0,"	475,476" 
2020-05-11T19:55:00Z,"NVDA",2020-05-14T19:55:00Z,Buy,8.0409401359,7.9816745897,15886,-941.49,158.86,-7199.65,1277.74,8477.39,0,"	474,480" 
2020-05-12T19:55:00Z,"BIL",2020-05-13T19:55:00Z,Buy,77.574135822,77.565661479,325,-2.75,3.25,-2.75,0,2.75,0,"	477,478" 
2020-05-13T19:55:00Z,"BIL",2020-05-14T19:55:00Z,Buy,77.574135822,77.574135822,304,0,3.04,-2.58,1.29,2.58,0,"	479,481" 
2020-05-14T19:55:00Z,"TSLA",2020-05-15T19:55:00Z,Buy,53.5039946496,53.3846613282,1453,-173.39,14.53,-1464.62,159.83,1539.21,0,"	482,484" 
2020-05-14T19:55:00Z,"BIL",2020-05-15T19:55:00Z,Buy,77.582610165,77.565661479,953,-16.15,9.53,-16.15,0,16.15,0,"	483,485" 
2020-05-15T19:55:00Z,"BIL",2020-05-18T19:55:00Z,Buy,77.574135822,77.565661479,242,-2.05,2.42,-2.05,0,2.05,0,"	487,488" 
2020-05-15T19:55:00Z,"NVDA",2020-05-18T19:55:00Z,Buy,8.4094821879,8.7414190496,1100,365.13,84.345,0,510.03,234.75,1,"	486,489" 
2020-05-15T19:55:00Z,"NVDA",2020-05-21T19:55:00Z,Buy,8.4094821879,8.7095451424,14669,4401.62,87.075,0,9343.86,4942.24,1,"	486,495" 
2020-05-18T19:55:00Z,"BIL",2020-05-19T19:55:00Z,Buy,77.574135822,77.565661479,366,-3.1,3.66,-3.1,0,3.1,0,"	490,491" 
2020-05-19T19:55:00Z,"BIL",2020-05-20T19:55:00Z,Buy,77.574135822,77.565661479,355,-3.01,3.55,-3.01,0,3.01,0,"	492,493" 
2020-05-20T19:55:00Z,"NVDA",2020-05-21T19:55:00Z,Buy,8.9329115077,8.7095451424,2746,-613.36,13.73,-1437.34,311.81,756.28,0,"	494,495" 
2020-05-21T19:55:00Z,"META",2020-05-22T19:55:00Z,Buy,229.707393687,233.190063774,676,2354.28,6.76,-1743.91,2998.19,1945.14,1,"	496,497" 
2020-05-22T19:55:00Z,"NVDA",2020-06-01T19:55:00Z,Buy,8.9871967559,8.7705537929,17552,-3802.52,175.52,-17758.19,1988.67,19746.87,0,"	498,499" 
2020-06-01T19:55:00Z,"BIL",2020-06-02T19:55:00Z,Buy,77.574135822,77.565661479,539,-4.57,5.39,-4.57,0,4.57,0,"	501,502" 
2020-06-01T19:55:00Z,"TSLA",2020-06-09T19:55:00Z,Buy,59.6919940308,62.6453270688,169,499.11,10.375,-407.06,657.07,540.24,1,"	500,507" 
2020-06-01T19:55:00Z,"TSLA",2020-06-11T19:55:00Z,Buy,59.6919940308,65.03332683,397,2120.51,1.985,-956.24,3483.54,1378.91,1,"	500,508" 
2020-06-01T19:55:00Z,"TSLA",2020-06-15T19:55:00Z,Buy,59.6919940308,66.16666005,215,1392.05,1.075,-517.86,1886.55,1674.42,1,"	500,513" 
2020-06-01T19:55:00Z,"TSLA",2020-06-23T19:55:00Z,Buy,59.6919940308,66.7673266566,1094,7740.41,9.02,-2635.08,9599.48,8520.07,1,"	500,525" 
2020-06-02T19:55:00Z,"BIL",2020-06-03T19:55:00Z,Buy,77.574135822,77.565661479,218,-1.85,2.18,-2.03,0,2.03,0,"	504,505" 
2020-06-02T19:55:00Z,"TSLA",2020-06-23T19:55:00Z,Buy,58.9926607674,66.7673266566,422,3280.91,2.11,-721.34,3998.03,3286.54,1,"	503,525" 
2020-06-03T19:55:00Z,"TSLA",2020-06-23T19:55:00Z,Buy,58.9086607758,66.7673266566,288,2263.3,1.44,-468.1,2752.7,2242.94,1,"	506,525" 
2020-06-11T19:55:00Z,"BIL",2020-06-12T19:55:00Z,Buy,77.565661479,77.565661479,469,0,4.69,-3.97,3.97,5.56,0,"	509,510" 
2020-06-12T19:55:00Z,"BIL",2020-06-15T19:55:00Z,Buy,77.574135822,77.565661479,552,-4.68,5.52,-4.68,0,4.68,0,"	511,512" 
2020-06-15T19:55:00Z,"BIL",2020-06-16T19:55:00Z,Buy,77.574135822,77.565661479,651,-5.52,6.51,-11.03,0,11.03,0,"	514,515" 
2020-06-16T19:55:00Z,"BIL",2020-06-17T19:55:00Z,Buy,77.574135822,77.565661479,708,-6,7.08,-6,0,6,0,"	516,517" 
2020-06-17T19:55:00Z,"BIL",2020-06-18T19:55:00Z,Buy,77.574135822,77.565661479,722,-6.12,7.22,-6.12,0,6.12,0,"	518,519" 
2020-06-18T19:55:00Z,"BIL",2020-06-19T19:55:00Z,Buy,77.574135822,77.565661479,719,-6.09,7.19,-6.09,0,6.09,0,"	520,521" 
2020-06-19T19:55:00Z,"BIL",2020-06-22T19:55:00Z,Buy,77.574135822,77.565661479,718,-6.08,7.18,-6.08,0,6.08,0,"	522,523" 
2020-06-22T19:55:00Z,"BIL",2020-06-23T19:55:00Z,Buy,77.574135822,77.565661479,720,-6.1,7.2,-6.1,0,6.1,0,"	524,526" 
2020-06-23T19:55:00Z,"AAPL",2020-06-26T19:55:00Z,Buy,89.012757963,85.4726702965,1920,-6796.97,19.2,-6796.97,264.82,7061.79,0,"	527,528" 
2020-06-26T19:55:00Z,"AMZN",2020-06-29T19:55:00Z,Buy,134.276745995,133.486604027,1222,-965.55,12.22,-3755.54,283.45,3945.72,0,"	529,530" 
2020-06-29T19:55:00Z,"NVDA",2020-06-30T19:55:00Z,Buy,9.141272967825,9.459160965725,17843,5672.08,178.43,0,6212.17,2442.64,1,"	531,532" 
2020-06-30T19:55:00Z,"BIL",2020-07-01T19:55:00Z,Buy,77.574135822,77.565661479,702,-5.95,7.02,-5.95,0,5.95,0,"	534,535" 
2020-06-30T19:55:00Z,"TSLA",2020-07-02T19:55:00Z,Buy,71.9913261342,80.4813252852,144,1222.56,8.925,-14.59,1390.85,363.65,1,"	533,538" 
2020-06-30T19:55:00Z,"TSLA",2020-07-06T19:55:00Z,Buy,71.9913261342,91.5179908482,121,2362.73,1,-12.26,2362.81,305.57,1,"	533,541" 
2020-06-30T19:55:00Z,"TSLA",2020-07-07T19:55:00Z,Buy,71.9913261342,92.539990746,203,4171.38,1.015,-20.57,4730.85,1230.32,1,"	533,544" 
2020-06-30T19:55:00Z,"TSLA",2020-07-22T19:55:00Z,Buy,71.9913261342,106.359989364,109,3746.18,1,-11.05,5166.6,2525.89,1,"	533,567" 
2020-06-30T19:55:00Z,"TSLA",2020-07-24T19:55:00Z,Buy,71.9913261342,94.8006571866,1008,22991.81,5.04,-102.14,47779.2,28082.21,1,"	533,571" 
2020-07-01T19:55:00Z,"BIL",2020-07-02T19:55:00Z,Buy,77.574135822,77.565661479,796,-6.75,7.96,-6.75,0,6.75,0,"	536,537" 
2020-07-02T19:55:00Z,"BIL",2020-07-06T19:55:00Z,Buy,77.574135822,77.565661479,850,-7.2,8.5,-7.2,0,7.2,0,"	539,540" 
2020-07-06T19:55:00Z,"BIL",2020-07-07T19:55:00Z,Buy,77.574135822,77.565661479,993,-8.42,9.93,-8.42,0,8.42,0,"	542,543" 
2020-07-07T19:55:00Z,"BIL",2020-07-08T19:55:00Z,Buy,77.574135822,77.565661479,1234,-10.46,12.34,-10.46,0,10.46,0,"	545,546" 
2020-07-08T19:55:00Z,"BIL",2020-07-09T19:55:00Z,Buy,77.574135822,77.565661479,1189,-10.08,11.89,-10.08,0,10.08,0,"	547,548" 
2020-07-09T19:55:00Z,"BIL",2020-07-10T19:55:00Z,Buy,77.574135822,77.565661479,1208,-10.24,12.08,-10.24,0,10.24,0,"	549,550" 
2020-07-10T19:55:00Z,"BIL",2020-07-13T19:55:00Z,Buy,77.574135822,77.565661479,1181,-10.01,11.81,-10.01,0,10.01,0,"	551,552" 
2020-07-13T19:55:00Z,"BIL",2020-07-14T19:55:00Z,Buy,77.574135822,77.565661479,1214,-10.29,12.14,-10.29,0,10.29,0,"	553,554" 
2020-07-14T19:55:00Z,"BIL",2020-07-15T19:55:00Z,Buy,77.574135822,77.565661479,1204,-10.2,12.04,-40.81,0,40.81,0,"	555,556" 
2020-07-15T19:55:00Z,"BIL",2020-07-16T19:55:00Z,Buy,77.574135822,77.565661479,1193,-10.11,11.93,-10.11,0,10.11,0,"	557,558" 
2020-07-16T19:55:00Z,"BIL",2020-07-17T19:55:00Z,Buy,77.574135822,77.565661479,1157,-9.8,11.57,-9.8,0,9.8,0,"	559,560" 
2020-07-17T19:55:00Z,"BIL",2020-07-20T19:55:00Z,Buy,77.574135822,77.565661479,1203,-10.19,12.03,-10.19,0,10.19,0,"	561,562" 
2020-07-20T19:55:00Z,"BIL",2020-07-21T19:55:00Z,Buy,77.574135822,77.565661479,1272,-10.78,12.72,-10.78,0,10.78,0,"	563,564" 
2020-07-21T19:55:00Z,"BIL",2020-07-22T19:55:00Z,Buy,77.574135822,77.565661479,1311,-11.11,13.11,-11.11,0,11.11,0,"	565,566" 
2020-07-22T19:55:00Z,"BIL",2020-07-23T19:55:00Z,Buy,77.574135822,77.565661479,1380,-11.69,13.8,-11.69,0,11.69,0,"	568,569" 
2020-07-23T19:55:00Z,"BIL",2020-07-24T19:55:00Z,Buy,77.574135822,77.565661479,1340,-11.36,13.4,-11.36,0,11.36,0,"	570,572" 
2020-07-24T19:55:00Z,"NVDA",2020-07-27T19:55:00Z,Buy,10.1554751931,10.366985310825,19951,4219.84,199.51,-253.49,4980.3,3822.21,1,"	573,574" 
2020-07-27T19:55:00Z,"BIL",2020-07-28T19:55:00Z,Buy,77.574135822,77.565661479,1428,-12.1,14.28,-12.1,0,12.1,0,"	576,577" 
2020-07-27T19:55:00Z,"TSLA",2020-07-31T19:55:00Z,Buy,102.5246564142,95.3806571286,935,-6679.64,9.35,-7236.28,1491.01,8727.29,0,"	575,583" 
2020-07-28T19:55:00Z,"BIL",2020-07-29T19:55:00Z,Buy,77.574135822,77.565661479,1421,-12.04,14.21,-12.04,0,12.04,0,"	578,579" 
2020-07-29T19:55:00Z,"BIL",2020-07-30T19:55:00Z,Buy,77.574135822,77.565661479,1461,-12.38,14.61,-12.38,0,12.38,0,"	580,581" 
2020-07-30T19:55:00Z,"BIL",2020-07-31T19:55:00Z,Buy,77.574135822,77.565661479,1431,-12.13,14.31,-12.13,0,12.13,0,"	582,584" 
2020-07-31T19:55:00Z,"AAPL",2020-08-03T19:55:00Z,Buy,102.7593321485,105.462187872,184,497.33,10.725,0,969.72,516.03,1,"	585,586" 
2020-07-31T19:55:00Z,"AAPL",2020-08-07T19:55:00Z,Buy,102.7593321485,107.8607077075,1761,8983.52,8.805,0,13959.6,6418.95,1,"	585,587" 
2020-08-07T19:55:00Z,"META",2020-08-10T19:55:00Z,Buy,266.458989135,261.011735922,767,-4178.04,7.67,-6308.92,4025.84,10334.76,0,"	588,589" 
2020-08-10T19:55:00Z,"BIL",2020-08-11T19:55:00Z,Buy,77.574135822,77.565661479,339,-2.87,3.39,-2.87,0,2.87,0,"	591,592" 
2020-08-10T19:55:00Z,"AAPL",2020-08-13T19:55:00Z,Buy,109.3054763735,111.6374687505,1636,3815.14,16.36,-5667.19,5179.39,5667.19,1,"	590,596" 
2020-08-11T19:55:00Z,"BIL",2020-08-12T19:55:00Z,Buy,77.574135822,77.565661479,321,-2.72,3.21,-2.72,0,2.72,0,"	593,594" 
2020-08-12T19:55:00Z,"BIL",2020-08-13T19:55:00Z,Buy,77.574135822,77.565661479,418,-3.54,4.18,-3.54,0,3.54,0,"	595,597" 
2020-08-13T19:55:00Z,"BIL",2020-08-14T19:55:00Z,Buy,77.574135822,77.565661479,1340,-11.36,13.4,-45.42,0,45.42,0,"	599,600" 
2020-08-13T19:55:00Z,"TSLA",2020-08-18T19:55:00Z,Buy,108.3326558334,125.4179874582,101,1725.62,5.845,-30.87,2004.51,500.66,1,"	598,605" 
2020-08-13T19:55:00Z,"TSLA",2020-09-01T19:55:00Z,Buy,108.3326558334,158.436650823,125,6263,1,-38.21,7378.42,1429.08,1,"	598,627" 
2020-08-13T19:55:00Z,"TSLA",2020-09-02T19:55:00Z,Buy,108.3326558334,149.273318406,743,30418.91,4.205,-227.11,43857.3,23340.1,1,"	598,629" 
2020-08-14T19:55:00Z,"BIL",2020-08-17T19:55:00Z,Buy,77.574135822,77.565661479,1357,-11.5,13.57,-11.5,0,11.5,0,"	601,602" 
2020-08-17T19:55:00Z,"BIL",2020-08-18T19:55:00Z,Buy,77.574135822,77.565661479,1436,-12.17,14.36,-12.17,0,12.17,0,"	603,604" 
2020-08-18T19:55:00Z,"BIL",2020-08-19T19:55:00Z,Buy,77.574135822,77.565661479,1500,-12.71,15,-12.71,0,12.71,0,"	606,607" 
2020-08-19T19:55:00Z,"BIL",2020-08-20T19:55:00Z,Buy,77.574135822,77.565661479,1465,-12.41,14.65,-12.41,0,12.41,0,"	608,609" 
2020-08-20T19:55:00Z,"BIL",2020-08-21T19:55:00Z,Buy,77.574135822,77.565661479,1515,-12.84,15.15,-51.35,0,51.35,0,"	610,611" 
2020-08-21T19:55:00Z,"BIL",2020-08-24T19:55:00Z,Buy,77.574135822,77.565661479,1518,-12.86,15.18,-12.86,0,12.86,0,"	612,613" 
2020-08-24T19:55:00Z,"BIL",2020-08-25T19:55:00Z,Buy,77.574135822,77.565661479,1395,-11.82,13.95,-11.82,0,11.82,0,"	614,615" 
2020-08-25T19:55:00Z,"BIL",2020-08-26T19:55:00Z,Buy,77.574135822,77.565661479,1328,-11.25,13.28,-11.25,0,11.25,0,"	617,618" 
2020-08-25T19:55:00Z,"TSLA",2020-09-02T19:55:00Z,Buy,134.79998652,149.273318406,98,1418.39,1,-2623.75,3190.88,3078.51,1,"	616,629" 
2020-08-26T19:55:00Z,"BIL",2020-08-27T19:55:00Z,Buy,77.574135822,77.565661479,1308,-11.08,13.08,-11.08,0,11.08,0,"	619,620" 
2020-08-27T19:55:00Z,"BIL",2020-08-28T19:55:00Z,Buy,77.574135822,77.565661479,1381,-11.7,13.81,-11.7,0,11.7,0,"	621,622" 
2020-08-28T19:55:00Z,"BIL",2020-08-31T19:55:00Z,Buy,77.574135822,77.565661479,1367,-11.58,13.67,-11.58,0,11.58,0,"	623,624" 
2020-08-31T19:55:00Z,"BIL",2020-09-01T19:55:00Z,Buy,77.574135822,77.565661479,1403,-11.89,14.03,-11.89,0,11.89,0,"	625,626" 
2020-09-01T19:55:00Z,"BIL",2020-09-02T19:55:00Z,Buy,77.574135822,77.565661479,1581,-13.4,15.81,-13.4,0,13.4,0,"	628,630" 
2020-09-02T19:55:00Z,"NVDA",2020-09-04T19:55:00Z,Buy,14.3212008774,12.62985977705,17333,-29316.02,173.33,-45647.8,0,45647.8,0,"	631,632" 
2020-09-04T19:55:00Z,"TSLA",2020-09-08T19:55:00Z,Buy,140.3333193,110.253322308,667,-20063.36,6.67,-20070.03,0,20070.03,0,"	633,635" 
2020-09-04T19:55:00Z,"BIL",2020-09-08T19:55:00Z,Buy,77.574135822,77.565661479,1614,-13.68,16.14,-20.52,0,20.52,0,"	634,636" 
2020-09-08T19:55:00Z,"BIL",2020-09-09T19:55:00Z,Buy,77.574135822,77.565661479,692,-5.86,6.92,-5.86,0,5.86,0,"	638,639" 
2020-09-08T19:55:00Z,"NVDA",2020-09-09T19:55:00Z,Buy,11.891969546,12.74349636785,1060,902.62,66.295,-35.13,919.26,233.51,1,"	637,640" 
2020-09-08T19:55:00Z,"NVDA",2020-09-15T19:55:00Z,Buy,11.891969546,12.9301494523,901,935.4,4.505,-29.86,1230.44,1035.32,1,"	637,649" 
2020-09-08T19:55:00Z,"NVDA",2020-09-16T19:55:00Z,Buy,11.891969546,12.48930925685,10238,6115.56,51.19,-339.33,13981.35,11764.23,1,"	637,651" 
2020-09-09T19:55:00Z,"BIL",2020-09-10T19:55:00Z,Buy,77.574135822,77.565661479,865,-7.33,8.65,-7.33,0,7.33,0,"	641,642" 
2020-09-10T19:55:00Z,"BIL",2020-09-11T19:55:00Z,Buy,77.574135822,77.557187136,920,-15.59,9.2,-15.59,0,15.59,0,"	643,644" 
2020-09-11T19:55:00Z,"BIL",2020-09-14T19:55:00Z,Buy,77.565661479,77.565661479,888,0,8.88,-30.1,7.53,30.1,0,"	645,646" 
2020-09-14T19:55:00Z,"BIL",2020-09-15T19:55:00Z,Buy,77.574135822,77.557187136,931,-15.78,9.31,-15.78,0,15.78,0,"	647,648" 
2020-09-15T19:55:00Z,"BIL",2020-09-16T19:55:00Z,Buy,77.565661479,77.565661479,1015,0,10.15,-8.6,4.3,8.6,0,"	650,652" 
2020-09-16T19:55:00Z,"BIL",2020-09-17T19:55:00Z,Buy,77.574135822,77.565661479,1782,-15.1,17.82,-60.41,0,60.41,0,"	654,655" 
2020-09-16T19:55:00Z,"TSLA",2020-09-29T19:55:00Z,Buy,147.416651925,139.43331939,463,-3696.28,4.63,-13746.47,1802.61,15549.08,0,"	653,671" 
2020-09-17T19:55:00Z,"BIL",2020-09-18T19:55:00Z,Buy,77.574135822,77.557187136,1758,-29.8,17.58,-59.59,0,59.59,0,"	656,657" 
2020-09-18T19:55:00Z,"BIL",2020-09-21T19:55:00Z,Buy,77.565661479,77.557187136,1798,-15.24,17.98,-15.24,15.24,30.47,0,"	658,659" 
2020-09-21T19:55:00Z,"BIL",2020-09-22T19:55:00Z,Buy,77.565661479,77.557187136,1795,-15.21,17.95,-15.21,15.21,30.42,0,"	660,661" 
2020-09-22T19:55:00Z,"BIL",2020-09-23T19:55:00Z,Buy,77.565661479,77.565661479,1761,0,17.61,-14.92,14.92,14.92,0,"	662,663" 
2020-09-23T19:55:00Z,"BIL",2020-09-24T19:55:00Z,Buy,77.574135822,77.565661479,1713,-14.52,17.13,-29.03,0,29.03,0,"	664,665" 
2020-09-24T19:55:00Z,"BIL",2020-09-25T19:55:00Z,Buy,77.574135822,77.557187136,1760,-29.83,17.6,-29.83,0,29.83,0,"	666,667" 
2020-09-25T19:55:00Z,"BIL",2020-09-28T19:55:00Z,Buy,77.565661479,77.557187136,1772,-15.02,17.72,-15.02,15.02,30.03,0,"	668,669" 
2020-09-28T19:55:00Z,"BIL",2020-09-29T19:55:00Z,Buy,77.565661479,77.557187136,1795,-15.21,17.95,-15.21,0,15.21,0,"	670,672" 
2020-09-29T19:55:00Z,"BIL",2020-09-30T19:55:00Z,Buy,77.565661479,77.557187136,948,-8.03,9.48,-8.03,0,8.03,0,"	674,675" 
2020-09-29T19:55:00Z,"NVDA",2020-10-12T19:55:00Z,Buy,13.2172313659,14.19884217985,9755,9575.61,117.205,-1918.04,10555.3,6483.41,1,"	673,691" 
2020-09-30T19:55:00Z,"BIL",2020-10-01T19:55:00Z,Buy,77.565661479,77.557187136,959,-8.13,9.59,-8.13,4.06,12.19,0,"	676,677" 
2020-10-01T19:55:00Z,"BIL",2020-10-02T19:55:00Z,Buy,77.565661479,77.557187136,945,-8.01,9.45,-8.01,4,12.01,0,"	678,679" 
2020-10-02T19:55:00Z,"BIL",2020-10-05T19:55:00Z,Buy,77.565661479,77.557187136,881,-7.47,8.81,-7.47,0,7.47,0,"	680,681" 
2020-10-05T19:55:00Z,"BIL",2020-10-06T19:55:00Z,Buy,77.565661479,77.557187136,650,-5.51,6.5,-5.51,0,5.51,0,"	683,684" 
2020-10-05T19:55:00Z,"NVDA",2020-10-12T19:55:00Z,Buy,13.5805694128,14.19884217985,1697,1049.21,8.485,-950.25,1219.64,803.08,1,"	682,691" 
2020-10-06T19:55:00Z,"BIL",2020-10-07T19:55:00Z,Buy,77.565661479,77.557187136,683,-5.79,6.83,-5.79,0,5.79,0,"	685,686" 
2020-10-07T19:55:00Z,"BIL",2020-10-08T19:55:00Z,Buy,77.565661479,77.557187136,497,-4.21,4.97,-4.21,0,4.21,0,"	688,689" 
2020-10-07T19:55:00Z,"NVDA",2020-10-12T19:55:00Z,Buy,13.92721085535,14.19884217985,846,229.8,4.23,-766.98,314.76,327.41,1,"	687,691" 
2020-10-08T19:55:00Z,"NVDA",2020-10-12T19:55:00Z,Buy,13.78267308635,14.19884217985,1388,577.64,6.94,-1057.74,717.04,241.78,1,"	690,691" 
2020-10-12T19:55:00Z,"AMZN",2020-10-13T19:55:00Z,Buy,171.566059553,172.203061632,79,50.32,7.215,-59.27,205.55,254.02,1,"	692,693" 
2020-10-12T19:55:00Z,"AMZN",2020-10-15T19:55:00Z,Buy,171.566059553,166.539379874,1164,-5851.06,5.82,-8977.77,3028.59,12006.36,0,"	692,694" 
2020-10-15T19:55:00Z,"BIL",2020-10-16T19:55:00Z,Buy,77.565661479,77.557187136,1036,-8.78,10.36,-8.78,0,8.78,0,"	696,697" 
2020-10-15T19:55:00Z,"TSLA",2020-10-21T19:55:00Z,Buy,149.556651711,140.946652572,852,-7335.72,8.52,-8182.04,1871.56,10053.6,0,"	695,703" 
2020-10-16T19:55:00Z,"BIL",2020-10-19T19:55:00Z,Buy,77.565661479,77.557187136,997,-8.45,9.97,-8.45,0,8.45,0,"	698,699" 
2020-10-19T19:55:00Z,"BIL",2020-10-20T19:55:00Z,Buy,77.565661479,77.557187136,954,-8.08,9.54,-8.08,0,8.08,0,"	700,701" 
2020-10-20T19:55:00Z,"BIL",2020-10-21T19:55:00Z,Buy,77.565661479,77.557187136,942,-7.98,9.42,-7.98,0,7.98,0,"	702,704" 
2020-10-21T19:55:00Z,"META",2020-10-23T19:55:00Z,Buy,276.857388711,282.374096883,724,3994.1,7.24,-2708.23,4231.16,5078.82,1,"	705,706" 
2020-10-23T19:55:00Z,"GOOGL",2020-10-26T19:55:00Z,Buy,80.8929240722,78.1044705,2528,-7049.21,25.28,-7859.06,221.89,8080.96,0,"	707,708" 
2020-10-26T19:55:00Z,"TSLA",2020-10-27T19:55:00Z,Buy,139.979986002,141.646652502,1283,2138.33,12.83,0,4298.05,3742.08,1,"	709,710" 
2020-10-27T19:55:00Z,"META",2020-10-30T19:55:00Z,Buy,281.59024806,259.384505454,708,-15721.67,7.08,-17210.94,0,17210.94,0,"	711,712" 
2020-10-30T19:55:00Z,"GOOGL",2020-11-06T20:55:00Z,Buy,79.6204410798,87.350552103,2309,17848.83,23.09,0,21336.61,6302.28,1,"	713,714" 
2020-11-06T20:55:00Z,"NVDA",2020-11-10T20:55:00Z,Buy,14.53526629735,12.674467123,12657,-23552.14,126.57,-24507.85,1318.44,25826.29,0,"	715,717" 
2020-11-09T20:55:00Z,"BIL",2020-11-10T20:55:00Z,Buy,77.565661479,77.557187136,258,-2.19,2.58,-2.19,0,2.19,0,"	716,718" 
2020-11-10T20:55:00Z,"GOOGL",2020-11-13T20:55:00Z,Buy,86.1613805458,87.7328920824,2067,3248.31,20.67,-109.68,3980.18,2557.45,1,"	719,720" 
2020-11-13T20:55:00Z,"AAPL",2020-11-17T20:55:00Z,Buy,115.819743688,116.043146414,1564,349.4,15.64,-1473.56,2567.34,2734.45,1,"	721,722" 
2020-11-17T20:55:00Z,"TSLA",2020-11-18T20:55:00Z,Buy,147.173318616,161.689983831,205,2975.92,6.93,0,3673.6,699.05,1,"	723,724" 
2020-11-17T20:55:00Z,"TSLA",2020-11-19T20:55:00Z,Buy,147.173318616,166.569983343,175,3394.42,1,0,3879.75,840,1,"	723,727" 
2020-11-17T20:55:00Z,"TSLA",2020-11-24T20:55:00Z,Buy,147.173318616,184.83331485,71,2673.86,1,0,2796.93,441.38,1,"	723,734" 
2020-11-17T20:55:00Z,"TSLA",2020-12-14T20:55:00Z,Buy,147.173318616,213.153312018,71,4684.58,1,0,4974.97,1993.92,1,"	723,761" 
2020-11-17T20:55:00Z,"TSLA",2020-12-29T20:55:00Z,Buy,147.173318616,221.639977836,659,49073.53,4.03,0,53126.38,18506.91,1,"	723,783" 
2020-11-18T20:55:00Z,"BIL",2020-11-19T20:55:00Z,Buy,77.565661479,77.557187136,526,-4.46,5.26,-4.46,0,4.46,0,"	725,726" 
2020-11-19T20:55:00Z,"BIL",2020-11-20T20:55:00Z,Buy,77.565661479,77.557187136,900,-7.63,9,-30.51,0,30.51,0,"	728,729" 
2020-11-20T20:55:00Z,"BIL",2020-11-23T20:55:00Z,Buy,77.565661479,77.557187136,897,-7.6,8.97,-30.41,0,30.41,0,"	730,731" 
2020-11-23T20:55:00Z,"BIL",2020-11-24T20:55:00Z,Buy,77.565661479,77.557187136,945,-8.01,9.45,-8.01,0,8.01,0,"	732,733" 
2020-11-24T20:55:00Z,"BIL",2020-11-25T20:55:00Z,Buy,77.565661479,77.557187136,1070,-9.07,10.7,-9.07,0,9.07,0,"	735,736" 
2020-11-25T20:55:00Z,"BIL",2020-11-27T17:55:00Z,Buy,77.565661479,77.557187136,1158,-9.81,11.58,-9.81,0,9.81,0,"	737,738" 
2020-11-27T17:55:00Z,"BIL",2020-11-30T20:55:00Z,Buy,77.565661479,77.557187136,1086,-9.2,10.86,-9.2,0,9.2,0,"	739,740" 
2020-11-30T20:55:00Z,"BIL",2020-12-01T20:55:00Z,Buy,77.565661479,77.551476395,1064,-15.09,10.64,-15.09,0,15.09,0,"	741,742" 
2020-12-01T20:55:00Z,"BIL",2020-12-02T20:55:00Z,Buy,77.55995104,77.55995104,992,0,9.92,-8.41,8.41,8.41,0,"	743,744" 
2020-12-02T20:55:00Z,"BIL",2020-12-03T20:55:00Z,Buy,77.568425685,77.55995104,971,-8.23,9.71,-8.23,0,8.23,0,"	745,746" 
2020-12-03T20:55:00Z,"BIL",2020-12-04T20:55:00Z,Buy,77.568425685,77.55995104,1011,-8.57,10.11,-8.57,0,8.57,0,"	747,748" 
2020-12-04T20:55:00Z,"BIL",2020-12-07T20:55:00Z,Buy,77.568425685,77.551476395,1020,-17.29,10.2,-17.29,0,17.29,0,"	749,750" 
2020-12-07T20:55:00Z,"BIL",2020-12-08T20:55:00Z,Buy,77.55995104,77.551476395,1050,-8.9,10.5,-8.9,0,8.9,0,"	751,752" 
2020-12-08T20:55:00Z,"BIL",2020-12-09T20:55:00Z,Buy,77.55995104,77.551476395,1105,-9.36,11.05,-9.36,0,9.36,0,"	753,754" 
2020-12-09T20:55:00Z,"BIL",2020-12-10T20:55:00Z,Buy,77.55995104,77.551476395,1001,-8.48,10.01,-8.48,0,8.48,0,"	755,756" 
2020-12-10T20:55:00Z,"BIL",2020-12-11T20:55:00Z,Buy,77.55995104,77.551476395,1205,-10.21,12.05,-10.21,0,10.21,0,"	757,758" 
2020-12-11T20:55:00Z,"BIL",2020-12-14T20:55:00Z,Buy,77.55995104,77.551476395,1192,-10.1,11.92,-10.1,0,10.1,0,"	759,760" 
2020-12-14T20:55:00Z,"BIL",2020-12-15T20:55:00Z,Buy,77.55995104,77.551476395,1260,-10.68,12.6,-10.68,0,10.68,0,"	762,763" 
2020-12-15T20:55:00Z,"BIL",2020-12-16T20:55:00Z,Buy,77.55995104,77.551476395,1248,-10.58,12.48,-10.58,0,10.58,0,"	764,765" 
2020-12-16T20:55:00Z,"BIL",2020-12-17T20:55:00Z,Buy,77.55995104,77.551476395,1250,-10.59,12.5,-42.37,0,42.37,0,"	766,767" 
2020-12-17T20:55:00Z,"BIL",2020-12-18T20:55:00Z,Buy,77.55995104,77.551476395,1228,-10.41,12.28,-10.41,0,10.41,0,"	768,769" 
2020-12-18T20:55:00Z,"BIL",2020-12-21T20:55:00Z,Buy,77.55995104,77.551476395,1049,-8.89,10.49,-35.56,0,35.56,0,"	771,772" 
2020-12-18T20:55:00Z,"TSLA",2020-12-29T20:55:00Z,Buy,222.6666444,221.639977836,73,-74.95,1,-5511.01,374,1269.47,0,"	770,783" 
2020-12-21T20:55:00Z,"BIL",2020-12-22T20:55:00Z,Buy,77.55995104,77.551476395,1024,-8.68,10.24,-34.71,0,34.71,0,"	773,774" 
2020-12-22T20:55:00Z,"BIL",2020-12-23T20:55:00Z,Buy,77.55995104,77.551476395,1024,-8.68,10.24,-8.68,0,8.68,0,"	775,776" 
2020-12-23T20:55:00Z,"BIL",2020-12-24T17:55:00Z,Buy,77.55995104,77.551476395,953,-8.08,9.53,-8.08,0,8.08,0,"	777,778" 
2020-12-24T17:55:00Z,"BIL",2020-12-28T20:55:00Z,Buy,77.55995104,77.551476395,836,-7.08,8.36,-7.08,0,7.08,0,"	780,781" 
2020-12-24T17:55:00Z,"TSLA",2020-12-29T20:55:00Z,Buy,220.63331127,221.639977836,74,74.49,1,-5436.04,529.59,578.19,1,"	779,783" 
2020-12-28T20:55:00Z,"BIL",2020-12-29T20:55:00Z,Buy,77.55995104,77.551476395,819,-6.94,8.19,-6.94,0,6.94,0,"	782,784" 
2020-12-29T20:55:00Z,"AAPL",2020-12-30T20:55:00Z,Buy,130.680881548,129.923254912,1864,-1412.22,18.64,-1855.8,2281.27,4137.07,0,"	785,786" 
2020-12-30T20:55:00Z,"BIL",2020-12-31T20:55:00Z,Buy,77.55995104,77.551476395,730,-6.19,7.3,-6.19,0,6.19,0,"	788,789" 
2020-12-30T20:55:00Z,"TSLA",2021-01-08T20:55:00Z,Buy,231.893310144,293.829970617,109,6751.1,5,-144.24,6842.29,1201.91,1,"	787,801" 
2020-12-30T20:55:00Z,"TSLA",2021-01-12T20:55:00Z,Buy,231.893310144,283.859971614,151,7846.97,1,-199.82,9478.77,3918.45,1,"	787,807" 
2020-12-30T20:55:00Z,"TSLA",2021-01-22T20:55:00Z,Buy,231.893310144,282.019971798,540,27068.4,3.46,-714.6,33897.6,14013,1,"	787,821" 
2020-12-31T20:55:00Z,"BIL",2021-01-04T20:55:00Z,Buy,77.55995104,77.551476395,778,-6.59,7.78,-26.37,0,26.37,0,"	790,791" 
2021-01-04T20:55:00Z,"BIL",2021-01-05T20:55:00Z,Buy,77.55995104,77.551476395,718,-6.08,7.18,-6.08,0,6.08,0,"	792,793" 
2021-01-05T20:55:00Z,"BIL",2021-01-06T20:55:00Z,Buy,77.55995104,77.551476395,690,-5.85,6.9,-5.85,0,5.85,0,"	794,795" 
2021-01-06T20:55:00Z,"BIL",2021-01-07T20:55:00Z,Buy,77.55995104,77.551476395,708,-6,7.08,-6,0,6,0,"	796,797" 
2021-01-07T20:55:00Z,"BIL",2021-01-08T20:55:00Z,Buy,77.55995104,77.551476395,483,-4.09,4.83,-4.09,0,4.09,0,"	799,800" 
2021-01-07T20:55:00Z,"TSLA",2021-01-22T20:55:00Z,Buy,271.996639467,282.019971798,70,701.63,1,-2899.87,1586.9,1816.5,1,"	798,821" 
2021-01-08T20:55:00Z,"BIL",2021-01-11T20:55:00Z,Buy,77.55995104,77.551476395,896,-7.59,8.96,-7.59,0,7.59,0,"	802,803" 
2021-01-11T20:55:00Z,"BIL",2021-01-12T20:55:00Z,Buy,77.55995104,77.551476395,606,-5.14,6.06,-5.14,0,5.14,0,"	805,806" 
2021-01-11T20:55:00Z,"TSLA",2021-01-22T20:55:00Z,Buy,272.3333061,282.019971798,82,794.31,1,-3424.59,1831.33,1284.67,1,"	804,821" 
2021-01-12T20:55:00Z,"BIL",2021-01-13T20:55:00Z,Buy,77.55995104,77.551476395,1159,-9.82,11.59,-9.82,0,9.82,0,"	808,809" 
2021-01-13T20:55:00Z,"BIL",2021-01-14T20:55:00Z,Buy,77.55995104,77.551476395,1121,-9.5,11.21,-38,0,38,0,"	810,811" 
2021-01-14T20:55:00Z,"BIL",2021-01-15T20:55:00Z,Buy,77.55995104,77.551476395,1065,-9.03,10.65,-9.03,0,9.03,0,"	812,813" 
2021-01-15T20:55:00Z,"BIL",2021-01-19T20:55:00Z,Buy,77.55995104,77.551476395,1051,-8.91,10.51,-8.91,0,8.91,0,"	814,815" 
2021-01-19T20:55:00Z,"BIL",2021-01-20T20:55:00Z,Buy,77.55995104,77.551476395,1086,-9.2,10.86,-9.2,0,9.2,0,"	816,817" 
2021-01-20T20:55:00Z,"BIL",2021-01-21T20:55:00Z,Buy,77.55995104,77.551476395,1015,-8.6,10.15,-8.6,0,8.6,0,"	818,819" 
2021-01-21T20:55:00Z,"BIL",2021-01-22T20:55:00Z,Buy,77.55995104,77.551476395,1011,-8.57,10.11,-8.57,0,8.57,0,"	820,822" 
2021-01-22T20:55:00Z,"GOOGL",2021-01-25T20:55:00Z,Buy,94.1027455654,93.9157907376,3029,-566.29,30.29,-5523.17,3385.7,8908.87,0,"	823,824" 
2021-01-25T20:55:00Z,"AAPL",2021-01-27T20:55:00Z,Buy,138.791371818,137.9269004,2049,-1771.3,20.49,-4776.54,2507.69,7284.23,0,"	825,826" 
2021-01-27T20:55:00Z,"MSFT",2021-02-01T20:55:00Z,Buy,222.766865143,230.109775692,1268,9310.81,12.68,-1420.29,11993.59,13413.88,1,"	827,828" 
2021-02-01T20:55:00Z,"TSLA",2021-02-02T20:55:00Z,Buy,279.993305334,290.746637592,690,7419.8,6.9,-39.1,9206.9,2086.1,1,"	829,831" 
2021-02-01T20:55:00Z,"BIL",2021-02-02T20:55:00Z,Buy,77.55995104,77.551476395,1270,-10.76,12.7,-43.05,0,43.05,0,"	830,832" 
2021-02-02T20:55:00Z,"AMZN",2021-02-03T20:55:00Z,Buy,168.847452403,165.262382754,1772,-6352.74,17.72,-6352.74,2583.26,8936,0,"	833,834" 
2021-02-03T20:55:00Z,"GOOGL",2021-02-05T20:55:00Z,Buy,102.4998439716,103.5903311502,2859,3117.7,28.59,-4358.26,3981.13,4358.26,1,"	835,836" 
2021-02-05T20:55:00Z,"BIL",2021-02-08T20:55:00Z,Buy,77.55995104,77.551476395,1422,-12.05,14.22,-12.05,0,12.05,0,"	838,839" 
2021-02-05T20:55:00Z,"TSLA",2021-02-09T20:55:00Z,Buy,283.856638281,282.979971702,654,-573.34,6.85,-1975.08,4933.34,6908.42,0,"	837,842" 
2021-02-08T20:55:00Z,"TSLA",2021-02-09T20:55:00Z,Buy,287.236637943,282.979971702,62,-263.91,1,-396.8,258.13,432.14,0,"	840,842" 
2021-02-08T20:55:00Z,"BIL",2021-02-09T20:55:00Z,Buy,77.55995104,77.551476395,1192,-10.1,11.92,-10.1,0,10.1,0,"	841,843" 
2021-02-09T20:55:00Z,"NVDA",2021-02-25T20:55:00Z,Buy,14.204532771525,13.2754786038,20776,-19302.03,207.76,-21244.14,23201.8,44445.94,0,"	844,845" 
2021-02-25T20:55:00Z,"UUP",2021-02-26T20:55:00Z,Buy,20.966996736,21.113558802,13146,1926.7,131.46,0,2040.04,396.67,1,"	846,847" 
2021-02-26T20:55:00Z,"GOOGL",2021-03-01T20:55:00Z,Buy,100.5618613004,102.8767290356,2760,6389.03,27.6,-814.37,6569.7,2508.8,1,"	848,849" 
2021-03-01T20:55:00Z,"TSLA",2021-03-02T20:55:00Z,Buy,238.86664278,229.069977093,795,-7788.35,7.95,-8220.3,752.6,8972.9,0,"	850,852" 
2021-03-01T20:55:00Z,"BIL",2021-03-02T20:55:00Z,Buy,77.551476395,77.54300175,1209,-10.25,12.09,-10.25,0,10.25,0,"	851,853" 
2021-03-02T20:55:00Z,"AAPL",2021-03-04T20:55:00Z,Buy,122.111529381,116.63484723,2260,-12377.3,22.6,-15103.39,87.94,15191.32,0,"	854,855" 
2021-03-04T20:55:00Z,"UUP",2021-03-05T20:55:00Z,Buy,21.29460606,21.354955146,12379,747.06,123.79,-213.45,1163.28,426.89,1,"	856,857" 
2021-03-05T20:55:00Z,"GOOGL",2021-03-09T20:55:00Z,Buy,103.9404375386,101.5115124814,2544,-6179.19,25.44,-11163.66,1974.36,13138.02,0,"	858,859" 
2021-03-09T20:55:00Z,"MSFT",2021-03-10T20:55:00Z,Buy,225.141468948,223.088011404,1146,-2353.26,11.46,-2694.16,2485.22,5179.38,0,"	860,861" 
2021-03-10T20:55:00Z,"TSLA",2021-03-11T20:55:00Z,Buy,222.953311038,233.53330998,474,5014.92,4.74,-274.92,5139.74,2891.4,1,"	862,864" 
2021-03-10T20:55:00Z,"BIL",2021-03-11T20:55:00Z,Buy,77.551476395,77.54300175,1932,-16.37,19.32,-16.37,0,16.37,0,"	863,865" 
2021-03-11T20:55:00Z,"META",2021-03-18T19:55:00Z,Buy,271.826865252,276.758167341,959,4729.12,9.59,-9382.11,11599.19,9382.11,1,"	866,867" 
2021-03-18T19:55:00Z,"TSLA",2021-03-19T19:55:00Z,Buy,217.826644884,218.3333115,490,248.27,4.9,-4571.7,406.7,4842.83,1,"	868,870" 
2021-03-18T19:55:00Z,"BIL",2021-03-19T19:55:00Z,Buy,77.551476395,77.54300175,2043,-17.31,20.43,-17.31,0,17.31,0,"	869,871" 
2021-03-19T19:55:00Z,"META",2021-04-01T19:55:00Z,Buy,288.158702754,296.106334491,921,7319.77,9.21,-11441.14,10390.23,19894.05,1,"	872,873" 
2021-04-01T19:55:00Z,"NVDA",2021-04-05T19:55:00Z,Buy,13.7615793249,13.9481026245,15323,2858.1,153.23,-817.69,3266.94,3316.61,1,"	874,876" 
2021-04-01T19:55:00Z,"BIL",2021-04-05T19:55:00Z,Buy,77.551476395,77.534527105,799,-13.54,7.99,-13.54,0,13.54,0,"	875,877" 
2021-04-05T19:55:00Z,"GOOGL",2021-04-07T19:55:00Z,Buy,110.3221926552,110.9237210534,2498,1502.62,24.98,-2835.53,2410.63,3142.12,1,"	878,879" 
2021-04-07T19:55:00Z,"NVDA",2021-04-14T19:55:00Z,Buy,14.1027074985,15.2146157778,18049,20068.83,188.355,-189.03,27945.14,8168.86,1,"	880,882" 
2021-04-08T19:55:00Z,"NVDA",2021-04-14T19:55:00Z,Buy,14.2513276677,15.2146157778,1573,1515.25,7.865,-250.25,2201.69,711.93,1,"	881,882" 
2021-04-14T19:55:00Z,"BIL",2021-04-15T19:55:00Z,Buy,77.54300175,77.534527105,1281,-10.86,12.81,-43.42,0,43.42,0,"	884,885" 
2021-04-14T19:55:00Z,"TSLA",2021-04-27T19:55:00Z,Buy,243.626642304,235.116643155,816,-6944.16,8.82,-10491.04,5747.36,15525.76,0,"	883,902" 
2021-04-15T19:55:00Z,"BIL",2021-04-16T19:55:00Z,Buy,77.54300175,77.534527105,1271,-10.77,12.71,-10.77,0,10.77,0,"	886,887" 
2021-04-16T19:55:00Z,"BIL",2021-04-19T19:55:00Z,Buy,77.54300175,77.534527105,1222,-10.36,12.22,-10.36,0,10.36,0,"	888,889" 
2021-04-19T19:55:00Z,"BIL",2021-04-20T19:55:00Z,Buy,77.54300175,77.534527105,879,-7.45,8.79,-7.45,0,7.45,0,"	891,892" 
2021-04-19T19:55:00Z,"TSLA",2021-04-27T19:55:00Z,Buy,236.809976319,235.116643155,132,-223.52,1,-797.28,1829.52,2053.04,0,"	890,902" 
2021-04-20T19:55:00Z,"BIL",2021-04-21T19:55:00Z,Buy,77.54300175,77.534527105,988,-8.37,9.88,-8.37,0,8.37,0,"	893,894" 
2021-04-21T19:55:00Z,"BIL",2021-04-22T19:55:00Z,Buy,77.54300175,77.534527105,994,-8.42,9.94,-8.42,0,8.42,0,"	895,896" 
2021-04-22T19:55:00Z,"BIL",2021-04-23T19:55:00Z,Buy,77.54300175,77.534527105,1003,-8.5,10.03,-8.5,0,8.5,0,"	897,898" 
2021-04-23T19:55:00Z,"BIL",2021-04-26T19:55:00Z,Buy,77.54300175,77.534527105,922,-7.81,9.22,-7.81,0,7.81,0,"	899,900" 
2021-04-26T19:55:00Z,"BIL",2021-04-27T19:55:00Z,Buy,77.54300175,77.534527105,927,-7.86,9.27,-7.86,0,7.86,0,"	901,903" 
2021-04-27T19:55:00Z,"GOOGL",2021-04-29T19:55:00Z,Buy,113.5683632196,118.6949918928,2562,13134.42,25.62,0,17799.7,9249.24,1,"	904,905" 
2021-04-29T19:55:00Z,"META",2021-05-10T19:55:00Z,Buy,327.480131685,303.855523488,928,-21923.64,9.28,-23093.02,202.57,23295.59,0,"	906,907" 
2021-05-10T19:55:00Z,"GOOGL",2021-05-11T19:55:00Z,Buy,113.6615926828,112.5205235614,2483,-2833.27,24.83,-6756.27,783.12,7539.39,0,"	908,909" 
2021-05-11T19:55:00Z,"META",2021-05-12T19:55:00Z,Buy,304.272253242,299.519549619,918,-4362.98,9.18,-7550.96,9.11,7560.07,0,"	910,911" 
2021-05-12T19:55:00Z,"UUP",2021-05-14T19:55:00Z,Buy,21.061831014,20.94975414,13058,-1463.5,130.58,-1501.78,168.87,1670.64,0,"	912,913" 
2021-05-14T19:55:00Z,"MSFT",2021-05-17T19:55:00Z,Buy,238.920744804,234.938572464,1144,-4555.61,11.44,-5938.75,0,5938.75,0,"	914,915" 
2021-05-17T19:55:00Z,"GOOGL",2021-05-20T19:55:00Z,Buy,113.5024083334,114.45404312,2369,2254.42,23.69,-7142.73,2645.63,9243.25,1,"	916,917" 
2021-05-20T19:55:00Z,"NVDA",2021-06-24T19:55:00Z,Buy,14.630109609,19.1494584036,18530,83743.53,185.3,-1016.55,87390.09,28411.47,1,"	918,919" 
2021-06-24T19:55:00Z,"TSLA",2021-07-02T19:55:00Z,Buy,227.086643958,226.049977395,1561,-1618.24,15.61,-6431.32,9751.05,13408.99,0,"	920,921" 
2021-07-02T19:55:00Z,"NVDA",2021-07-08T19:55:00Z,Buy,20.44768872285,19.74831546345,17252,-12065.59,172.52,-12861.64,5675.65,18537.29,0,"	922,923" 
2021-07-08T19:55:00Z,"AMZN",2021-07-12T19:55:00Z,Buy,186.321362213,185.246888855,1829,-1965.21,18.29,-3468.77,1883.1,5349.13,0,"	924,925" 
2021-07-12T19:55:00Z,"AAPL",2021-07-14T19:55:00Z,Buy,140.80369,145.3444872,2405,10920.62,24.05,-632.74,11811.14,6022.74,1,"	926,927" 
2021-07-14T19:55:00Z,"UUP",2021-07-15T19:55:00Z,Buy,21.415304232,21.46703202,16317,844.04,163.17,-140.67,1123.98,279.94,1,"	928,929" 
2021-07-15T19:55:00Z,"AAPL",2021-07-20T19:55:00Z,Buy,144.5941838,142.7720184,2422,-4413.28,24.22,-15706.1,2997.26,18703.36,0,"	930,931" 
2021-07-20T19:55:00Z,"TSLA",2021-07-23T19:55:00Z,Buy,220.363311297,214.586645208,1569,-9063.59,15.69,-12217.28,1626.53,13843.81,0,"	932,933" 
2021-07-23T19:55:00Z,"META",2021-07-27T19:55:00Z,Buy,366.82140489,364.023362256,917,-2565.81,9.17,-4403.72,4203.55,8607.28,0,"	934,935" 
2021-07-27T19:55:00Z,"GOOGL",2021-07-30T19:55:00Z,Buy,130.5455476486,133.5259150626,2560,7629.74,25.6,-163.77,16721.95,9780.29,1,"	936,937" 
2021-07-30T19:55:00Z,"TSLA",2021-08-10T19:55:00Z,Buy,228.589977141,236.756642991,1495,12209.17,14.95,0,20371.86,14222.43,1,"	938,939" 
2021-08-10T19:55:00Z,"UUP",2021-08-11T19:55:00Z,Buy,21.561866298,21.518759808,16412,-707.46,164.12,-1061.2,0,1061.2,0,"	940,941" 
2021-08-11T19:55:00Z,"TSLA",2021-08-16T19:55:00Z,Buy,235.956643071,228.116643855,1496,-11728.64,14.96,-14640.85,10731.31,25372.16,0,"	942,943" 
2021-08-16T19:55:00Z,"META",2021-08-17T19:55:00Z,Buy,363.705853872,355.460558025,938,-7734.09,9.38,-10367.96,130.3,10498.26,0,"	944,945" 
2021-08-17T19:55:00Z,"AAPL",2021-08-18T19:55:00Z,Buy,146.313673407,143.034716943,2279,-7472.74,22.79,-7606.18,1356.66,8962.84,0,"	946,947" 
2021-08-18T19:55:00Z,"MSFT",2021-08-20T19:55:00Z,Buy,280.489519928,293.267076044,1162,14847.52,11.62,-1724.37,16459.92,2866.49,1,"	948,949" 
2021-08-20T19:55:00Z,"NVDA",2021-08-30T19:55:00Z,Buy,20.7637036728,22.6533084564,16415,31017.86,164.15,-196.52,35930.93,10022.67,1,"	950,951" 
2021-08-30T19:55:00Z,"AMZN",2021-08-31T19:55:00Z,Buy,170.879673601,172.653003586,2175,3856.99,21.75,-3084.51,4066.39,3663.87,1,"	952,953" 
2021-08-31T19:55:00Z,"TSLA",2021-09-01T19:55:00Z,Buy,244.989975501,244.76664219,1532,-342.15,15.32,-1613.71,3365.29,4979,0,"	954,955" 
2021-09-01T19:55:00Z,"NVDA",2021-09-07T19:55:00Z,Buy,22.411832284,22.6343540382,16737,3724.35,167.37,-3690.94,8751.38,7373.54,1,"	956,957" 
2021-09-07T19:55:00Z,"TSLA",2021-09-21T19:55:00Z,Buy,250.759974924,246.706641996,1510,-6120.53,15.1,-21580.41,5290.03,26870.45,0,"	958,959" 
2021-09-21T19:55:00Z,"GOOGL",2021-09-22T19:55:00Z,Buy,138.0073760144,139.1484451358,2700,3080.89,27,-1269.31,4459.99,3661.98,1,"	960,961" 
2021-09-22T19:55:00Z,"TSLA",2021-10-15T19:55:00Z,Buy,250.63330827,280.496638617,1498,44735.27,14.98,-2781.29,45089.8,17217.01,1,"	962,963" 
2021-10-15T19:55:00Z,"AMZN",2021-10-18T19:55:00Z,Buy,169.925916377,171.983577752,2473,5088.6,24.73,-2163.73,5162.61,4027.7,1,"	964,965" 
2021-10-18T19:55:00Z,"TSLA",2021-10-26T19:55:00Z,Buy,290.19997098,340.053299328,201,10020.52,8.33,-862.29,15007.33,6203.53,1,"	966,967" 
2021-10-18T19:55:00Z,"TSLA",2021-11-02T19:55:00Z,Buy,290.19997098,390.553294278,126,12644.52,1,-540.54,14195.58,3888.78,1,"	966,978" 
2021-10-18T19:55:00Z,"TSLA",2021-11-04T19:55:00Z,Buy,290.19997098,412.083292125,1138,138703.22,5.69,-4882.02,140907.15,35122.47,1,"	966,982" 
2021-10-26T19:55:00Z,"BIL",2021-10-27T19:55:00Z,Buy,77.500628525,77.49215388,879,-7.45,8.79,-14.9,0,14.9,0,"	968,969" 
2021-10-27T19:55:00Z,"BIL",2021-10-28T19:55:00Z,Buy,77.500628525,77.49215388,794,-6.73,7.94,-13.46,0,13.46,0,"	970,971" 
2021-10-28T19:55:00Z,"BIL",2021-10-29T19:55:00Z,Buy,77.500628525,77.483679235,809,-13.71,8.09,-13.71,0,13.71,0,"	972,973" 
2021-10-29T19:55:00Z,"BIL",2021-11-01T19:55:00Z,Buy,77.49215388,77.49215388,820,0,8.2,0,6.95,6.95,0,"	974,975" 
2021-11-01T19:55:00Z,"BIL",2021-11-02T19:55:00Z,Buy,77.500628525,77.483679235,866,-14.68,8.66,-14.68,0,14.68,0,"	976,977" 
2021-11-02T19:55:00Z,"BIL",2021-11-03T19:55:00Z,Buy,77.49215388,77.483679235,1511,-12.81,15.11,-12.81,0,12.81,0,"	979,980" 
2021-11-03T19:55:00Z,"BIL",2021-11-04T19:55:00Z,Buy,77.49215388,77.49215388,1845,0,18.45,-15.64,7.82,15.64,0,"	981,983" 
2021-11-04T19:55:00Z,"NVDA",2021-11-05T19:55:00Z,Buy,29.6602539096,29.4307471676,3018,-692.65,113.895,-692.65,4785.32,5477.97,0,"	984,985" 
2021-11-04T19:55:00Z,"NVDA",2021-11-11T20:55:00Z,Buy,29.6602539096,30.3138491966,1180,771.24,5.9,-1031.46,2869.49,3900.96,1,"	984,994" 
2021-11-04T19:55:00Z,"NVDA",2021-11-19T20:55:00Z,Buy,29.6602539096,32.8424147802,2257,7182.14,11.285,-2024.69,7558.25,7513.2,1,"	984,1007" 
2021-11-04T19:55:00Z,"NVDA",2021-11-29T20:55:00Z,Buy,29.6602539096,33.3104089628,13306,48568.96,66.53,-11936.44,64714.36,49345.69,1,"	984,1017" 
2021-11-05T19:55:00Z,"BIL",2021-11-08T20:55:00Z,Buy,77.49215388,77.483679235,1144,-9.69,11.44,-9.69,0,9.69,0,"	986,987" 
2021-11-08T20:55:00Z,"BIL",2021-11-09T20:55:00Z,Buy,77.49215388,77.483679235,1093,-9.26,10.93,-9.26,9.26,18.53,0,"	988,989" 
2021-11-09T20:55:00Z,"BIL",2021-11-10T20:55:00Z,Buy,77.49215388,77.483679235,1005,-8.52,10.05,-8.52,8.52,17.03,0,"	990,991" 
2021-11-10T20:55:00Z,"BIL",2021-11-11T20:55:00Z,Buy,77.49215388,77.483679235,1006,-8.53,10.06,-8.53,0,8.53,0,"	992,993" 
2021-11-11T20:55:00Z,"BIL",2021-11-12T20:55:00Z,Buy,77.49215388,77.483679235,1604,-13.59,16.04,-13.59,0,13.59,0,"	995,996" 
2021-11-12T20:55:00Z,"BIL",2021-11-15T20:55:00Z,Buy,77.49215388,77.483679235,1567,-13.28,15.67,-13.28,0,13.28,0,"	997,998" 
2021-11-15T20:55:00Z,"BIL",2021-11-16T20:55:00Z,Buy,77.49215388,77.483679235,1575,-13.35,15.75,-13.35,0,13.35,0,"	999,1000" 
2021-11-16T20:55:00Z,"BIL",2021-11-17T20:55:00Z,Buy,77.49215388,77.483679235,1702,-14.42,17.02,-14.42,0,14.42,0,"	1001,1002" 
2021-11-17T20:55:00Z,"BIL",2021-11-18T20:55:00Z,Buy,77.49215388,77.483679235,1651,-13.99,16.51,-13.99,0,13.99,0,"	1003,1004" 
2021-11-18T20:55:00Z,"BIL",2021-11-19T20:55:00Z,Buy,77.49215388,77.483679235,1983,-16.81,19.83,-16.81,0,16.81,0,"	1005,1006" 
2021-11-19T20:55:00Z,"BIL",2021-11-22T20:55:00Z,Buy,77.49215388,77.483679235,2557,-21.67,25.57,-21.67,0,21.67,0,"	1008,1009" 
2021-11-22T20:55:00Z,"BIL",2021-11-23T20:55:00Z,Buy,77.49215388,77.483679235,2532,-21.46,25.32,-85.83,0,85.83,0,"	1010,1011" 
2021-11-23T20:55:00Z,"BIL",2021-11-24T20:55:00Z,Buy,77.49215388,77.483679235,2749,-23.3,27.49,-23.3,0,23.3,0,"	1012,1013" 
2021-11-24T20:55:00Z,"BIL",2021-11-26T17:55:00Z,Buy,77.49215388,77.483679235,2591,-21.96,25.91,-21.96,0,21.96,0,"	1014,1015" 
2021-11-26T17:55:00Z,"BIL",2021-11-29T20:55:00Z,Buy,77.49215388,77.483679235,2487,-21.08,24.87,-21.08,0,21.08,0,"	1016,1018" 
2021-11-29T20:55:00Z,"BIL",2021-11-30T20:55:00Z,Buy,77.49215388,77.483679235,3470,-29.41,34.7,-29.41,0,29.41,0,"	1020,1021" 
2021-11-29T20:55:00Z,"TSLA",2021-12-01T20:55:00Z,Buy,378.13329552,367.129963287,984,-10827.28,9.84,-13959.68,12050.72,26010.4,0,"	1019,1023" 
2021-11-30T20:55:00Z,"BIL",2021-12-01T20:55:00Z,Buy,77.49215388,77.483679235,3566,-30.22,35.66,-30.22,0,30.22,0,"	1022,1024" 
2021-12-01T20:55:00Z,"BIL",2021-12-02T20:55:00Z,Buy,77.49215388,77.483679235,3045,-25.81,30.45,-103.22,0,103.22,0,"	1026,1027" 
2021-12-01T20:55:00Z,"NVDA",2021-12-03T20:55:00Z,Buy,31.5750101225,30.408374425,12482,-14561.95,124.82,-18373.71,10002.77,28376.49,0,"	1025,1029" 
2021-12-02T20:55:00Z,"BIL",2021-12-03T20:55:00Z,Buy,77.49215388,77.483679235,3237,-27.43,32.37,-27.43,0,27.43,0,"	1028,1030" 
2021-12-03T20:55:00Z,"AAPL",2021-12-16T20:55:00Z,Buy,157.482798788,168.057230232,3907,41314.3,39.07,0,79020.29,42211.61,1,"	1031,1032" 
2021-12-16T20:55:00Z,"META",2021-12-20T20:55:00Z,Buy,332.123691801,322.618284555,1977,-18792.19,19.77,-23578.51,4335.15,27913.66,0,"	1033,1034" 
2021-12-20T20:55:00Z,"AAPL",2021-12-21T20:55:00Z,Buy,165.662834942,168.995442264,3850,12830.54,38.5,-790.15,13206.8,10196.7,1,"	1035,1036" 
2021-12-21T20:55:00Z,"MSFT",2021-12-23T20:55:00Z,Buy,316.094209685,323.855860865,2058,15973.48,20.58,-3337.74,17582.75,4629.13,1,"	1037,1038" 
2021-12-23T20:55:00Z,"BIL",2021-12-27T20:55:00Z,Buy,77.483679235,77.47520459,2958,-25.07,29.58,-25.07,0,25.07,0,"	1040,1041" 
2021-12-23T20:55:00Z,"TSLA",2021-12-31T20:55:00Z,Buy,356.289964371,351.903298143,1227,-5382.44,12.27,-5382.44,19378.42,24760.86,0,"	1039,1049" 
2021-12-27T20:55:00Z,"BIL",2021-12-28T20:55:00Z,Buy,77.483679235,77.47520459,3318,-28.12,33.18,-28.12,0,28.12,0,"	1042,1043" 
2021-12-28T20:55:00Z,"BIL",2021-12-29T20:55:00Z,Buy,77.483679235,77.47520459,3284,-27.83,32.84,-27.83,0,27.83,0,"	1044,1045" 
2021-12-29T20:55:00Z,"BIL",2021-12-30T20:55:00Z,Buy,77.483679235,77.47520459,3061,-25.94,30.61,-25.94,0,25.94,0,"	1046,1047" 
2021-12-30T20:55:00Z,"BIL",2021-12-31T20:55:00Z,Buy,77.483679235,77.47520459,3018,-25.58,30.18,-25.58,0,25.58,0,"	1048,1050" 
2021-12-31T20:55:00Z,"NVDA",2022-01-03T20:55:00Z,Buy,29.3654879375,30.03912275,14207,9570.33,142.07,-226.85,17240.77,10066.57,1,"	1051,1053" 
2021-12-31T20:55:00Z,"BIL",2022-01-03T20:55:00Z,Buy,77.483679235,77.47520459,3143,-26.64,31.43,-106.54,0,106.54,0,"	1052,1054" 
2022-01-03T20:55:00Z,"BIL",2022-01-04T20:55:00Z,Buy,77.483679235,77.47520459,2883,-24.43,28.83,-24.43,0,24.43,0,"	1056,1057" 
2022-01-03T20:55:00Z,"TSLA",2022-01-04T20:55:00Z,Buy,399.496626717,383.626628304,172,-2729.64,6.59,-4035.69,471.28,4506.97,0,"	1055,1058" 
2022-01-03T20:55:00Z,"TSLA",2022-01-07T20:55:00Z,Buy,399.496626717,342.329965767,946,-54079.66,4.73,-58973.63,2592.04,61565.67,0,"	1055,1064" 
2022-01-04T20:55:00Z,"BIL",2022-01-05T20:55:00Z,Buy,77.483679235,77.47520459,3734,-31.64,37.34,-31.64,0,31.64,0,"	1059,1060" 
2022-01-05T20:55:00Z,"BIL",2022-01-06T20:55:00Z,Buy,77.483679235,77.47520459,3751,-31.79,37.51,-31.79,0,31.79,0,"	1061,1062" 
2022-01-06T20:55:00Z,"BIL",2022-01-07T20:55:00Z,Buy,77.483679235,77.47520459,3797,-32.18,37.97,-32.18,0,32.18,0,"	1063,1065" 
2022-01-07T20:55:00Z,"UUP",2022-01-12T20:55:00Z,Buy,22.122250668,21.932582112,27718,-5257.23,277.18,-5615.68,2748.1,8363.78,0,"	1066,1067" 
2022-01-12T20:55:00Z,"BIL",2022-01-13T20:55:00Z,Buy,77.483679235,77.47520459,3473,-29.43,34.73,-29.43,0,29.43,0,"	1069,1070" 
2022-01-12T20:55:00Z,"TSLA",2022-01-14T20:55:00Z,Buy,369.869963013,349.743298359,915,-18415.9,9.15,-28764.55,1430.45,30195,0,"	1068,1072" 
2022-01-13T20:55:00Z,"BIL",2022-01-14T20:55:00Z,Buy,77.483679235,77.47520459,3370,-28.56,33.7,-28.56,0,28.56,0,"	1071,1073" 
2022-01-14T20:55:00Z,"META",2022-01-18T20:55:00Z,Buy,329.037907194,315.355280271,1790,-24491.9,17.9,-24491.9,497.3,24989.2,0,"	1074,1075" 
2022-01-18T20:55:00Z,"UUP",2022-01-20T20:55:00Z,Buy,22.122250668,22.130871966,25527,220.08,255.27,-2200.76,330.11,2310.8,1,"	1076,1077" 
2022-01-20T20:55:00Z,"GOOGL",2022-01-21T20:55:00Z,Buy,132.011432187,129.2224827134,4278,-11931.13,42.78,-11931.13,6965.83,18896.96,0,"	1078,1079" 
2022-01-21T20:55:00Z,"UUP",2022-01-31T20:55:00Z,Buy,22.087765476,22.303297926,25025,5393.7,250.25,-215.75,9600.79,4638.58,1,"	1080,1081" 
2022-01-31T20:55:00Z,"AAPL",2022-02-02T20:55:00Z,Buy,170.676405488,171.624390562,3268,3098.02,32.68,-6866.73,3129.95,7313.87,1,"	1082,1083" 
2022-02-02T20:55:00Z,"GOOGL",2022-02-07T20:55:00Z,Buy,147.0347651,137.8848883686,3815,-34906.78,38.15,-34906.78,5321.81,40228.59,0,"	1084,1085" 
2022-02-07T20:55:00Z,"AAPL",2022-02-10T20:55:00Z,Buy,167.459141709,168.153911712,3141,2182.27,31.41,-368.83,16228.73,14261.61,1,"	1086,1087" 
2022-02-10T20:55:00Z,"BIL",2022-02-11T20:55:00Z,Buy,77.466729945,77.4582553,2084,-17.66,20.84,-17.66,8.83,26.49,0,"	1089,1090" 
2022-02-10T20:55:00Z,"NVDA",2022-02-16T20:55:00Z,Buy,25.7148862425,26.4354259975,14259,10274.18,142.59,-28133.03,11312.98,32757.83,1,"	1088,1096" 
2022-02-11T20:55:00Z,"BIL",2022-02-14T20:55:00Z,Buy,77.466729945,77.4582553,2058,-17.44,20.58,-17.44,17.44,34.88,0,"	1091,1092" 
2022-02-14T20:55:00Z,"BIL",2022-02-15T20:55:00Z,Buy,77.466729945,77.466729945,2268,0,22.68,-19.22,19.22,19.22,0,"	1093,1094" 
2022-02-15T20:55:00Z,"BIL",2022-02-16T20:55:00Z,Buy,77.47520459,77.466729945,2403,-20.36,24.03,-20.36,0,20.36,0,"	1095,1097" 
2022-02-16T20:55:00Z,"BIL",2022-02-17T20:55:00Z,Buy,77.47520459,77.466729945,2772,-23.49,27.72,-23.49,0,23.49,0,"	1099,1100" 
2022-02-16T20:55:00Z,"AMZN",2022-02-18T20:55:00Z,Buy,157.892213829,152.273925328,2048,-11506.25,20.48,-14990.92,3792.17,18783.1,0,"	1098,1103" 
2022-02-17T20:55:00Z,"BIL",2022-02-18T20:55:00Z,Buy,77.47520459,77.466729945,2724,-23.08,27.24,-23.08,0,23.08,0,"	1101,1102" 
2022-02-18T20:55:00Z,"UUP",2022-02-28T20:55:00Z,Buy,22.182599754,22.320540522,23738,3274.44,237.38,-1227.91,8800.05,6548.88,1,"	1104,1105" 
2022-02-28T20:55:00Z,"NVDA",2022-03-01T20:55:00Z,Buy,24.1859847125,23.30077867,12033,-10651.68,120.33,-13161.49,1801.3,14962.79,0,"	1106,1108" 
2022-02-28T20:55:00Z,"BIL",2022-03-01T20:55:00Z,Buy,77.47520459,77.484947958,3080,30.01,30.8,-26.1,56.12,26.11,1,"	1107,1109" 
2022-03-01T20:55:00Z,"UUP",2022-03-08T20:55:00Z,Buy,22.475723886,22.8464397,23081,8556.49,230.81,-397.98,10048.9,3084.32,1,"	1110,1111" 
2022-03-08T20:55:00Z,"BIL",2022-03-09T20:55:00Z,Buy,77.493424596,77.484947958,2239,-18.98,22.39,-18.98,0,18.98,0,"	1113,1114" 
2022-03-08T20:55:00Z,"TSLA",2022-03-11T20:55:00Z,Buy,276.06663906,265.006640166,1281,-14167.86,12.81,-14611.94,13565.79,28177.73,0,"	1112,1118" 
2022-03-09T20:55:00Z,"BIL",2022-03-10T20:55:00Z,Buy,77.493424596,77.484947958,2352,-19.94,23.52,-19.94,0,19.94,0,"	1115,1116" 
2022-03-10T20:55:00Z,"BIL",2022-03-11T20:55:00Z,Buy,77.493424596,77.484947958,2443,-20.71,24.43,-20.71,0,20.71,0,"	1117,1119" 
2022-03-11T20:55:00Z,"UUP",2022-03-16T19:55:00Z,Buy,22.863682296,22.665392442,22437,-4449.03,224.37,-4449.03,0,4449.03,0,"	1120,1121" 
2022-03-16T19:55:00Z,"BIL",2022-03-17T19:55:00Z,Buy,77.484947958,77.484947958,2992,0,29.92,0,25.36,25.36,0,"	1123,1124" 
2022-03-16T19:55:00Z,"NVDA",2022-03-22T19:55:00Z,Buy,24.4017143772,26.4618910236,11326,23333.56,113.26,-5686.42,31495.78,11892.88,1,"	1122,1130" 
2022-03-17T19:55:00Z,"BIL",2022-03-18T19:55:00Z,Buy,77.493424596,77.484947958,2819,-23.9,28.19,-23.9,0,23.9,0,"	1125,1126" 
2022-03-18T19:55:00Z,"BIL",2022-03-21T19:55:00Z,Buy,77.493424596,77.484947958,2934,-24.87,29.34,-24.87,0,24.87,0,"	1127,1128" 
2022-03-21T19:55:00Z,"BIL",2022-03-22T19:55:00Z,Buy,77.493424596,77.484947958,2881,-24.42,28.81,-24.42,0,24.42,0,"	1129,1131" 
2022-03-22T19:55:00Z,"GOOGL",2022-03-23T19:55:00Z,Buy,138.597002779,137.2545976892,3835,-5148.12,38.35,-6846.41,477.35,7323.76,0,"	1132,1133" 
2022-03-23T19:55:00Z,"TSLA",2022-03-24T19:55:00Z,Buy,333.329966667,337.519966248,942,3946.98,9.42,-3136.86,6989.64,10126.5,1,"	1134,1136" 
2022-03-23T19:55:00Z,"BIL",2022-03-24T19:55:00Z,Buy,77.501901234,77.493424596,2735,-23.18,27.35,-34.78,0,34.78,0,"	1135,1137" 
2022-03-24T19:55:00Z,"BIL",2022-03-25T19:55:00Z,Buy,77.501901234,77.484947958,2716,-46.05,27.16,-46.05,0,46.05,0,"	1139,1140" 
2022-03-24T19:55:00Z,"NVDA",2022-03-28T19:55:00Z,Buy,28.02299387,28.102845678,11398,910.15,113.98,-9431.44,2502.91,11934.35,1,"	1138,1142" 
2022-03-25T19:55:00Z,"BIL",2022-03-28T19:55:00Z,Buy,77.493424596,77.484947958,2967,-25.15,29.67,-25.15,0,25.15,0,"	1141,1143" 
2022-03-28T19:55:00Z,"BIL",2022-03-29T19:55:00Z,Buy,77.493424596,77.484947958,2231,-18.91,22.31,-18.91,9.46,28.37,0,"	1145,1146" 
2022-03-28T19:55:00Z,"TSLA",2022-04-05T19:55:00Z,Buy,362.23329711,363.913296942,987,1658.16,9.87,-6481.3,21556.08,21131.67,1,"	1144,1156" 
2022-03-29T19:55:00Z,"BIL",2022-03-30T19:55:00Z,Buy,77.493424596,77.493424596,2304,0,23.04,-19.53,19.53,19.53,0,"	1147,1148" 
2022-03-30T19:55:00Z,"BIL",2022-03-31T19:55:00Z,Buy,77.501901234,77.493424596,2267,-19.22,22.67,-19.22,0,19.22,0,"	1149,1150" 
2022-03-31T19:55:00Z,"BIL",2022-04-01T19:55:00Z,Buy,77.501901234,77.493424596,2272,-19.26,22.72,-38.52,0,38.52,0,"	1151,1152" 
2022-04-01T19:55:00Z,"BIL",2022-04-04T19:55:00Z,Buy,77.501901234,77.484947958,2047,-34.7,20.47,-34.7,0,34.7,0,"	1153,1154" 
2022-04-04T19:55:00Z,"BIL",2022-04-05T19:55:00Z,Buy,77.493424596,77.484947958,2108,-17.87,21.08,-17.87,0,17.87,0,"	1155,1157" 
2022-04-05T19:55:00Z,"AMZN",2022-04-06T19:55:00Z,Buy,163.608771249,158.431944643,3252,-16835.04,32.52,-21193.85,199.53,21393.38,0,"	1158,1159" 
2022-04-06T19:55:00Z,"BIL",2022-04-07T19:55:00Z,Buy,77.493424596,77.484947958,2188,-18.55,21.88,-18.55,0,18.55,0,"	1161,1162" 
2022-04-06T19:55:00Z,"TSLA",2022-04-08T19:55:00Z,Buy,348.763298457,341.869965813,991,-6831.29,9.91,-8142.72,9500.39,17643.1,0,"	1160,1164" 
2022-04-07T19:55:00Z,"BIL",2022-04-08T19:55:00Z,Buy,77.493424596,77.484947958,2365,-20.05,23.65,-80.19,0,80.19,0,"	1163,1165" 
2022-04-08T19:55:00Z,"UUP",2022-04-21T19:55:00Z,Buy,23.001623064,23.19129162,22096,4190.92,220.96,-190.5,6286.37,4762.41,1,"	1166,1167" 
2022-04-21T19:55:00Z,"TSLA",2022-04-22T19:55:00Z,Buy,336.853299648,335.363299797,1113,-1658.37,11.13,-5913.74,8757.45,11859.01,0,"	1168,1170" 
2022-04-21T19:55:00Z,"BIL",2022-04-22T19:55:00Z,Buy,77.501901234,77.493424596,1770,-15,17.7,-30.01,0,30.01,0,"	1169,1171" 
2022-04-22T19:55:00Z,"UUP",2022-05-04T19:55:00Z,Buy,23.311989792,23.639599116,21899,7174.32,218.99,0,13782.24,7079.92,1,"	1172,1173" 
2022-05-04T19:55:00Z,"META",2022-05-05T19:55:00Z,Buy,221.938360416,205.924031298,1168,-18704.74,11.68,-20188.14,197.01,20385.15,0,"	1174,1176" 
2022-05-04T19:55:00Z,"BIL",2022-05-05T19:55:00Z,Buy,77.501901234,77.501901234,3331,0,33.31,-14.12,28.24,28.24,0,"	1175,1177" 
2022-05-05T19:55:00Z,"UUP",2022-05-10T19:55:00Z,Buy,23.855131566,23.949965844,20907,1982.7,209.07,-1171.6,2325.17,2865.9,1,"	1178,1179" 
2022-05-10T19:55:00Z,"META",2022-05-11T19:55:00Z,Buy,196.378935504,187.240647327,1189,-10865.42,11.89,-11183.96,2430.27,13614.22,0,"	1180,1182" 
2022-05-10T19:55:00Z,"BIL",2022-05-11T19:55:00Z,Buy,77.51885451,77.501901234,3442,-58.35,34.42,-58.35,0,58.35,0,"	1181,1183" 
2022-05-11T19:55:00Z,"UUP",2022-05-19T19:55:00Z,Buy,23.975829738,23.699948202,20423,-5634.33,204.23,-6514.69,4489.86,11004.55,0,"	1184,1185" 
2022-05-19T19:55:00Z,"BIL",2022-08-02T19:55:00Z,Buy,77.527331148,77.612945064,6239,534.15,62.39,-105.77,587.14,204.53,1,"	1186,1187" 
2022-08-02T19:55:00Z,"AAPL",2022-08-03T19:55:00Z,Buy,156.925334323,162.981654601,3085,18683.75,30.85,-468.61,19409.33,2841.86,1,"	1188,1189" 
2022-08-03T19:55:00Z,"BIL",2022-08-04T19:55:00Z,Buy,77.621438492,77.638425348,1779,30.22,17.79,-15.11,45.33,15.11,1,"	1191,1192" 
2022-08-03T19:55:00Z,"TSLA",2022-08-05T19:55:00Z,Buy,307.796635887,287.559971244,1185,-23980.45,11.85,-26204.3,6406.9,32611.2,0,"	1190,1194" 
2022-08-04T19:55:00Z,"BIL",2022-08-05T19:55:00Z,Buy,77.646918776,77.638425348,1747,-14.84,17.47,-29.68,0,29.68,0,"	1193,1195" 
2022-08-05T19:55:00Z,"NVDA",2022-08-08T19:55:00Z,Buy,18.948846228,17.7647929284,22203,-26289.54,222.03,-38348.14,310.33,38658.47,0,"	1196,1198" 
2022-08-05T19:55:00Z,"BIL",2022-08-08T19:55:00Z,Buy,77.646918776,77.646918776,748,0,7.48,-6.35,3.18,6.35,0,"	1197,1199" 
2022-08-08T19:55:00Z,"TSLA",2022-08-09T19:55:00Z,Buy,289.426637724,283.336638333,1057,-6437.13,10.57,-10464.3,1053.48,11517.78,0,"	1200,1202" 
2022-08-08T19:55:00Z,"BIL",2022-08-09T19:55:00Z,Buy,77.655412204,77.646918776,1884,-16,18.84,-24,0,24,0,"	1201,1203" 
2022-08-09T19:55:00Z,"BIL",2022-08-10T19:55:00Z,Buy,77.655412204,77.646918776,1296,-11.01,12.96,-11.01,11.01,22.01,0,"	1205,1206" 
2022-08-09T19:55:00Z,"AMZN",2022-08-11T19:55:00Z,Buy,137.43681504,140.24022278,2512,7042.16,25.12,-100.24,16715.73,11678.46,1,"	1204,1209" 
2022-08-10T19:55:00Z,"BIL",2022-08-11T19:55:00Z,Buy,77.655412204,77.655412204,1260,0,12.6,-5.35,21.4,21.4,0,"	1207,1208" 
2022-08-11T19:55:00Z,"BIL",2022-08-12T19:55:00Z,Buy,77.663905632,77.663905632,1997,0,19.97,-16.96,16.96,16.96,0,"	1211,1212" 
2022-08-11T19:55:00Z,"META",2022-08-17T19:55:00Z,Buy,176.256841668,173.577864678,1689,-4524.79,16.89,-5748.16,6284.43,12032.6,0,"	1210,1218" 
2022-08-12T19:55:00Z,"BIL",2022-08-15T19:55:00Z,Buy,77.67239906,77.663905632,1917,-16.28,19.17,-16.28,0,16.28,0,"	1213,1214" 
2022-08-15T19:55:00Z,"BIL",2022-08-16T19:55:00Z,Buy,77.67239906,77.67239906,1835,0,18.35,-15.59,15.59,15.59,0,"	1215,1216" 
2022-08-16T19:55:00Z,"BIL",2022-08-17T19:55:00Z,Buy,77.680892488,77.680892488,1820,0,18.2,-15.46,15.46,15.46,0,"	1217,1219" 
2022-08-17T19:55:00Z,"AAPL",2022-08-22T19:55:00Z,Buy,171.34341318,164.248264971,2616,-18560.91,26.16,-19112.86,718.82,19831.68,0,"	1220,1221" 
2022-08-22T19:55:00Z,"NVDA",2022-08-23T19:55:00Z,Buy,17.012030544,17.1607859754,18670,2777.26,186.7,-223.67,7642.14,5573.17,1,"	1222,1224" 
2022-08-22T19:55:00Z,"BIL",2022-08-23T19:55:00Z,Buy,77.7148662,77.706372772,1442,-12.25,14.42,-12.25,0,12.25,0,"	1223,1225" 
2022-08-23T19:55:00Z,"UUP",2022-09-09T19:55:00Z,Buy,25.062113286,25.165568862,17253,1784.92,172.53,-3941.7,8403.99,7199.17,1,"	1226,1227" 
2022-09-09T19:55:00Z,"TSLA",2022-09-22T19:55:00Z,Buy,299.52,289.37,1448,-14697.2,14.48,-19359.76,20228.56,39588.32,0,"	1228,1229" 
2022-09-22T19:55:00Z,"UUP",2022-10-04T19:55:00Z,Buy,25.725953232,25.501799484,16297,-3653.03,162.97,-3653.03,12926.12,16579.15,0,"	1230,1231" 
2022-10-04T19:55:00Z,"MSFT",2022-10-05T19:55:00Z,Buy,241.609947685,242.037489921,1719,734.95,17.19,-7399.56,3023.3,7783.74,1,"	1232,1233" 
2022-10-05T19:55:00Z,"UUP",2022-10-06T19:55:00Z,Buy,25.769059722,26.001834768,16149,3759.08,161.49,-139.23,4176.76,1099.88,1,"	1234,1235" 
2022-10-06T19:55:00Z,"NVDA",2022-10-07T19:55:00Z,Buy,13.1003602254,12.0288030885,24933,-26717.13,249.33,-27040.83,746.98,27787.81,0,"	1236,1238" 
2022-10-06T19:55:00Z,"BIL",2023-01-26T20:55:00Z,Buy,77.947738668,78.7689245,1193,979.67,31.16,-10.17,989.92,30.74,1,"	1237,1240" 
2022-10-07T19:55:00Z,"BIL",2023-01-26T20:55:00Z,Buy,77.947738668,78.7689245,3846,3158.28,19.23,-32.77,3191.32,99.11,1,"	1239,1240" 
2023-01-26T20:55:00Z,"NVDA",2023-01-27T20:55:00Z,Buy,19.688531868,20.362796658,14084,9496.35,140.84,-2462.02,12816.55,3953.29,1,"	1241,1243" 
2023-01-26T20:55:00Z,"BIL",2023-01-27T20:55:00Z,Buy,78.77751435,78.77751435,1517,0,15.17,-6.52,13.03,13.03,0,"	1242,1244" 
2023-01-27T20:55:00Z,"BIL",2023-01-30T20:55:00Z,Buy,78.7861042,78.7861042,2553,0,25.53,-21.93,21.93,21.93,0,"	1246,1247" 
2023-01-27T20:55:00Z,"TSLA",2023-02-01T20:55:00Z,Buy,178.29,181.43,122,383.08,6.75,-1743.38,660.02,1834.88,1,"	1245,1252" 
2023-01-27T20:55:00Z,"TSLA",2023-02-02T20:55:00Z,Buy,178.29,187.82,1028,9796.84,5.14,-14690.12,18617.08,15461.12,1,"	1245,1254" 
2023-01-30T20:55:00Z,"BIL",2023-01-31T20:55:00Z,Buy,78.79469405,78.79469405,2645,0,26.45,-22.72,22.72,22.72,0,"	1248,1249" 
2023-01-31T20:55:00Z,"BIL",2023-02-01T20:55:00Z,Buy,78.8032839,78.808482489,2761,14.35,27.61,-23.72,38.16,47.61,1,"	1250,1251" 
2023-02-01T20:55:00Z,"BIL",2023-02-02T20:55:00Z,Buy,78.817103918,78.834346776,2832,48.83,28.32,-48.83,73.25,48.83,1,"	1253,1255" 
2023-02-02T20:55:00Z,"META",2023-02-03T20:55:00Z,Buy,186.694929792,185.861470284,1154,-961.81,16.92,-3709.85,9686.82,11564.65,0,"	1256,1257" 
2023-02-02T20:55:00Z,"META",2023-02-06T20:55:00Z,Buy,186.694929792,185.077621461,1076,-1740.22,5.38,-3459.1,9032.08,11775.87,0,"	1256,1259" 
2023-02-03T20:55:00Z,"BIL",2023-02-06T20:55:00Z,Buy,78.851589634,78.851589634,2718,0,27.18,-11.72,23.43,23.43,0,"	1258,1260" 
2023-02-06T20:55:00Z,"BIL",2023-02-07T20:55:00Z,Buy,78.860211063,78.860211063,2188,0,21.88,-9.43,18.86,18.86,0,"	1262,1263" 
2023-02-06T20:55:00Z,"TSLA",2023-02-10T20:55:00Z,Buy,194.83,196.86,1237,2511.11,12.37,-5776.79,23577.22,25692.49,1,"	1261,1269" 
2023-02-07T20:55:00Z,"BIL",2023-02-08T20:55:00Z,Buy,78.868832492,78.868832492,2204,0,22.04,-9.5,19,19,0,"	1264,1265" 
2023-02-08T20:55:00Z,"BIL",2023-02-09T20:55:00Z,Buy,78.877453921,78.894696779,2196,37.87,21.96,-18.93,56.8,18.93,1,"	1266,1267" 
2023-02-09T20:55:00Z,"BIL",2023-02-10T20:55:00Z,Buy,78.903318208,78.903318208,2188,0,21.88,-18.86,18.86,18.86,0,"	1268,1270" 
2023-02-10T20:55:00Z,"MSFT",2023-02-13T20:55:00Z,Buy,256.37129643,263.786672963,1622,12027.74,16.22,-442.54,18144.34,6748.81,1,"	1271,1272" 
2023-02-13T20:55:00Z,"AAPL",2023-02-14T20:55:00Z,Buy,151.426275676,151.317846498,2826,-306.42,28.26,-7186.96,640.7,7827.66,0,"	1273,1274" 
2023-02-14T20:55:00Z,"NVDA",2023-02-15T20:55:00Z,Buy,22.9749484,22.6762740708,12474,-3725.66,124.74,-10728.42,436.11,11164.53,0,"	1275,1277" 
2023-02-14T20:55:00Z,"BIL",2023-02-15T20:55:00Z,Buy,78.929182495,78.929182495,1786,0,17.86,-15.4,15.4,15.4,0,"	1276,1278" 
2023-02-15T20:55:00Z,"BIL",2023-02-16T20:55:00Z,Buy,78.937803924,78.97228964,2376,81.94,23.76,-10.24,102.42,20.48,1,"	1280,1281" 
2023-02-15T20:55:00Z,"TSLA",2023-02-22T20:55:00Z,Buy,213.42,200.12,1106,-14709.8,11.06,-23513.56,4379.76,27893.32,0,"	1279,1287" 
2023-02-16T20:55:00Z,"BIL",2023-02-17T20:55:00Z,Buy,78.980911069,78.980911069,2234,0,22.34,-9.63,19.26,19.26,0,"	1282,1283" 
2023-02-17T20:55:00Z,"BIL",2023-02-21T20:55:00Z,Buy,78.989532498,78.989532498,2450,0,24.5,-10.56,21.12,21.12,0,"	1284,1285" 
2023-02-21T20:55:00Z,"BIL",2023-02-22T20:55:00Z,Buy,78.998153927,79.006775356,2366,20.4,23.66,-20.4,30.6,20.4,1,"	1286,1288" 
2023-02-22T20:55:00Z,"UUP",2023-02-23T20:55:00Z,Buy,24.603968595,24.59527154,16629,-144.62,166.29,-650.8,853.28,1070.21,0,"	1289,1290" 
2023-02-23T20:55:00Z,"BIL",2023-02-24T20:55:00Z,Buy,79.041261072,79.041261072,1405,0,14.05,-6.06,12.11,12.11,0,"	1292,1293" 
2023-02-23T20:55:00Z,"NVDA",2023-02-24T20:55:00Z,Buy,23.62424042,23.2226782784,2983,-1197.86,77.925,-2035.17,41.72,2076.89,0,"	1291,1294" 
2023-02-23T20:55:00Z,"NVDA",2023-03-01T20:55:00Z,Buy,23.62424042,22.6772729816,9619,-9108.88,48.095,-10867.24,1883.27,12750.51,0,"	1291,1300" 
2023-02-24T20:55:00Z,"BIL",2023-02-27T20:55:00Z,Buy,79.049882501,79.049882501,2281,0,22.81,-9.83,19.67,19.67,0,"	1295,1296" 
2023-02-27T20:55:00Z,"BIL",2023-02-28T20:55:00Z,Buy,79.05850393,79.05850393,2310,0,23.1,-9.96,19.92,19.92,0,"	1297,1298" 
2023-02-28T20:55:00Z,"BIL",2023-03-01T20:55:00Z,Buy,79.067125359,79.071688124,2287,10.44,22.87,0,30.21,19.77,1,"	1299,1301" 
2023-03-01T20:55:00Z,"UUP",2023-03-03T20:55:00Z,Buy,24.59527154,24.63005976,16197,563.46,161.97,-140.87,2887.76,2535.59,1,"	1302,1303" 
2023-03-03T20:55:00Z,"META",2023-03-06T20:55:00Z,Buy,183.440468856,183.430546719,997,-9.89,9.97,-9.89,4639.52,4649.41,0,"	1304,1306" 
2023-03-03T20:55:00Z,"BIL",2023-03-06T20:55:00Z,Buy,79.114915594,79.114915594,2727,0,27.27,0,23.58,23.58,0,"	1305,1307" 
2023-03-06T20:55:00Z,"BIL",2023-03-07T20:55:00Z,Buy,79.123561088,79.123561088,1953,0,19.53,0,25.33,25.33,0,"	1309,1310" 
2023-03-06T20:55:00Z,"NVDA",2023-03-08T20:55:00Z,Buy,23.4754027108,24.1207980972,10400,6712.11,104,-2649.67,7034.22,9050.07,1,"	1308,1312" 
2023-03-07T20:55:00Z,"BIL",2023-03-08T20:55:00Z,Buy,79.132206582,79.132206582,1907,0,19.07,-16.49,16.49,16.49,0,"	1311,1313" 
2023-03-08T20:55:00Z,"AAPL",2023-03-09T20:55:00Z,Buy,150.76584341,148.863404196,2688,-5113.76,26.88,-6809.51,4106.9,10916.41,0,"	1314,1315" 
2023-03-09T20:55:00Z,"META",2023-03-16T19:55:00Z,Buy,180.731725455,202.858090965,2214,48987.77,22.14,-15223.55,48987.77,20803.33,1,"	1316,1317" 
2023-03-16T19:55:00Z,"MSFT",2023-03-20T19:55:00Z,Buy,269.448921197,265.541457597,1666,-6509.83,16.66,-9553.18,11929.27,21482.45,0,"	1318,1319" 
2023-03-20T19:55:00Z,"BIL",2023-03-21T19:55:00Z,Buy,79.296470968,79.305116462,2005,17.33,20.05,0,34.67,24.27,1,"	1321,1322" 
2023-03-20T19:55:00Z,"NVDA",2023-03-31T19:55:00Z,Buy,25.8821768424,27.6765252408,10950,19648.11,139.295,-4944.85,20971.85,18335.32,1,"	1320,1330" 
2023-03-21T19:55:00Z,"BIL",2023-03-22T19:55:00Z,Buy,79.313761956,79.313761956,1939,0,19.39,-16.76,16.76,16.76,0,"	1323,1324" 
2023-03-22T19:55:00Z,"BIL",2023-03-23T19:55:00Z,Buy,79.32240745,79.348343932,1818,47.15,18.18,-7.86,62.87,15.72,1,"	1325,1326" 
2023-03-23T19:55:00Z,"BIL",2023-03-24T19:55:00Z,Buy,79.356989426,79.36563492,1839,15.9,18.39,0,23.85,15.9,1,"	1327,1328" 
2023-03-24T19:55:00Z,"NVDA",2023-03-31T19:55:00Z,Buy,26.680442082,27.6765252408,5959,5935.66,29.795,-7447.85,6656.04,6388.13,1,"	1329,1330" 
2023-03-31T19:55:00Z,"TSLA",2023-04-03T19:55:00Z,Buy,206.39,194.83,1890,-21848.4,18.9,-26705.7,2022.3,28728,0,"	1331,1333" 
2023-03-31T19:55:00Z,"BIL",2023-04-03T19:55:00Z,Buy,79.391571402,79.402070196,979,10.28,9.79,-8.46,18.78,8.5,1,"	1332,1334" 
2023-04-03T19:55:00Z,"NVDA",2023-04-04T19:55:00Z,Buy,27.9103100544,27.4187624976,15978,-7853.95,159.78,-9977.07,901.93,10878.99,0,"	1335,1336" 
2023-04-04T19:55:00Z,"META",2023-04-10T19:55:00Z,Buy,212.681006595,213.048125664,2059,755.9,20.59,-11461.05,5189.14,12543.82,1,"	1337,1338" 
2023-04-10T19:55:00Z,"MSFT",2023-04-11T19:55:00Z,Buy,281.874655445,276.521430313,1556,-8329.62,15.56,-10336.02,1276.8,11612.83,0,"	1339,1340" 
2023-04-11T19:55:00Z,"GOOGL",2023-04-12T19:55:00Z,Buy,104.446752868,103.851671188,4121,-2452.33,41.21,-3719.37,5681.23,9400.6,0,"	1341,1342" 
2023-04-12T19:55:00Z,"META",2023-04-18T19:55:00Z,Buy,212.919137883,216.352197285,2010,6900.45,20.1,-1176.67,14738.24,11327.91,1,"	1343,1344" 
2023-04-18T19:55:00Z,"NVDA",2023-04-21T19:55:00Z,Buy,27.639559266,27.1230346992,15729,-8124.41,157.29,-14473.09,5248.65,19721.74,0,"	1345,1346" 
2023-04-21T19:55:00Z,"AMZN",2023-04-26T19:55:00Z,Buy,106.93,104.96,3989,-7858.33,39.89,-17631.38,9154.76,26786.14,0,"	1347,1348" 
2023-04-26T19:55:00Z,"MSFT",2023-04-27T19:55:00Z,Buy,288.517343565,297.895256205,1451,13607.35,14.51,-85.05,13834.14,1913.53,1,"	1349,1350" 
2023-04-27T19:55:00Z,"META",2023-04-28T19:55:00Z,Buy,236.355225477,237.416894136,423,449.09,11.255,-973.72,914.96,1695.61,1,"	1351,1352" 
2023-04-27T19:55:00Z,"META",2023-05-02T19:55:00Z,Buy,236.355225477,237.883234575,1405,2146.85,7.025,-3234.22,8928.96,7827.65,1,"	1351,1356" 
2023-04-28T19:55:00Z,"BIL",2023-05-01T19:55:00Z,Buy,79.671170904,79.682635656,1261,14.46,12.61,-10.95,25.45,10.99,1,"	1353,1354" 
2023-05-01T19:55:00Z,"BIL",2023-05-02T19:55:00Z,Buy,79.691349855,79.665207258,1277,-33.38,12.77,-33.38,0,33.38,0,"	1355,1357" 
2023-05-02T19:55:00Z,"NVDA",2023-05-03T19:55:00Z,Buy,28.2120323352,27.8823358032,15409,-5080.29,154.09,-11361.38,1416.32,11376.78,0,"	1358,1359" 
2023-05-03T19:55:00Z,"BIL",2023-05-04T19:55:00Z,Buy,79.673921457,79.691349855,1283,22.36,12.83,-11.18,33.54,16.77,1,"	1361,1362" 
2023-05-03T19:55:00Z,"META",2023-05-05T19:55:00Z,Buy,235.511843832,231.423923388,1389,-5678.12,13.89,-10184.79,1026.75,11211.53,0,"	1360,1364" 
2023-05-04T19:55:00Z,"BIL",2023-05-05T19:55:00Z,Buy,79.700064054,79.700064054,1288,0,12.88,-11.22,22.45,22.45,0,"	1363,1365" 
2023-05-05T19:55:00Z,"MSFT",2023-05-10T19:55:00Z,Buy,303.60992172,305.241287773,1396,2277.39,13.96,-6109.4,2959.24,6109.4,1,"	1366,1367" 
2023-05-10T19:55:00Z,"NVDA",2023-05-11T19:55:00Z,Buy,28.9103895348,28.52374542,14739,-5698.75,147.39,-9969.13,0,9969.13,0,"	1368,1369" 
2023-05-11T19:55:00Z,"GOOGL",2023-05-12T19:55:00Z,Buy,115.465681976,116.536829,3640,3898.98,36.4,-1046.95,4657.11,3790.67,1,"	1370,1371" 
2023-05-12T19:55:00Z,"AMZN",2023-05-15T19:55:00Z,Buy,110.23,111.16,3848,3578.64,38.48,-3694.08,7657.52,11351.6,1,"	1372,1373" 
2023-05-15T19:55:00Z,"GOOGL",2023-05-17T19:55:00Z,Buy,115.455763948,119.918876548,3704,16531.37,37.04,-110.21,19323.33,6392.13,1,"	1374,1375" 
2023-05-17T19:55:00Z,"NVDA",2023-05-23T19:55:00Z,Buy,30.1082869344,30.7087342548,14749,8856,147.49,0,24622.91,17269.93,1,"	1376,1377" 
2023-05-23T19:55:00Z,"GOOGL",2023-05-25T19:55:00Z,Buy,121.763629756,122.517399884,3719,2803.27,37.19,-10549.15,8040.96,10807.35,1,"	1378,1379" 
2023-05-25T19:55:00Z,"NVDA",2023-05-26T19:55:00Z,Buy,38.0230018632,38.9461521528,6601,6093.72,92.91,-2136.76,7274.21,3647,1,"	1380,1381" 
2023-05-25T19:55:00Z,"NVDA",2023-06-05T19:55:00Z,Buy,38.0230018632,39.228891906,5380,6487.69,26.9,-1741.52,20513.89,21717.9,1,"	1380,1391" 
2023-05-26T19:55:00Z,"BIL",2023-05-30T19:55:00Z,Buy,79.961490024,79.952775825,3213,-28,32.13,-56,28,56,0,"	1382,1383" 
2023-05-30T19:55:00Z,"BIL",2023-05-31T19:55:00Z,Buy,79.961490024,79.970204223,3252,28.34,32.52,-28.34,56.68,28.34,1,"	1384,1385" 
2023-05-31T19:55:00Z,"BIL",2023-06-01T19:55:00Z,Buy,79.978918422,80.005812048,3171,85.28,31.71,-27.63,113.02,27.74,1,"	1386,1387" 
2023-06-01T19:55:00Z,"BIL",2023-06-02T19:55:00Z,Buy,80.01456159,80.01456159,3305,0,33.05,-14.46,28.92,43.38,0,"	1388,1389" 
2023-06-02T19:55:00Z,"BIL",2023-06-05T19:55:00Z,Buy,80.023311132,80.023311132,3292,0,32.92,-28.8,28.8,28.8,0,"	1390,1392" 
2023-06-05T19:55:00Z,"TSLA",2023-06-15T19:55:00Z,Buy,217.5,256.35,2151,83566.35,21.51,-9442.89,94321.35,25188.21,1,"	1393,1394" 
2023-06-15T19:55:00Z,"BIL",2023-06-16T19:55:00Z,Buy,80.18955243,80.18955243,3906,0,39.06,-34.18,34.18,34.18,0,"	1396,1397" 
2023-06-15T19:55:00Z,"NVDA",2023-06-26T19:55:00Z,Buy,42.685131936,40.7237341366,5575,-10934.79,55.75,-14499.88,7063.33,21563.21,0,"	1395,1407" 
2023-06-16T19:55:00Z,"BIL",2023-06-20T19:55:00Z,Buy,80.198301972,80.198301972,3926,0,39.26,-34.35,34.35,34.35,0,"	1398,1399" 
2023-06-20T19:55:00Z,"BIL",2023-06-21T19:55:00Z,Buy,80.207051514,80.207051514,3948,0,39.48,-34.54,51.81,51.81,0,"	1400,1401" 
2023-06-21T19:55:00Z,"BIL",2023-06-22T19:55:00Z,Buy,80.215801056,80.242049682,3900,102.37,39,-34.12,136.49,34.12,1,"	1402,1403" 
2023-06-22T19:55:00Z,"BIL",2023-06-23T19:55:00Z,Buy,80.250799224,80.250799224,3908,0,39.08,-34.19,34.19,34.19,0,"	1404,1405" 
2023-06-23T19:55:00Z,"BIL",2023-06-26T19:55:00Z,Buy,80.259548766,80.268298308,3864,33.81,38.64,-33.81,50.71,33.81,1,"	1406,1408" 
2023-06-26T19:55:00Z,"META",2023-06-27T19:55:00Z,Buy,277.135208547,284.517278475,1949,14387.65,19.49,-1701.77,19280.23,6633.02,1,"	1409,1410" 
2023-06-27T19:55:00Z,"NVDA",2023-06-28T19:55:00Z,Buy,41.7868656998,41.0494680554,11777,-8684.33,117.77,-14250.31,647.21,14897.51,0,"	1411,1413" 
2023-06-27T19:55:00Z,"BIL",2023-06-28T19:55:00Z,Buy,80.285797392,80.285797392,777,0,7.77,-6.8,6.8,6.8,0,"	1412,1414" 
2023-06-28T19:55:00Z,"META",2023-06-30T19:55:00Z,Buy,282.68168313,285.013385325,1930,4500.19,19.3,-7870.54,7793.94,10704.7,1,"	1415,1416" 
2023-06-30T19:55:00Z,"AAPL",2023-07-05T19:55:00Z,Buy,191.819878256,188.82901616,2868,-8577.79,28.68,-10332.98,0,10332.98,0,"	1417,1418" 
2023-07-05T19:55:00Z,"META",2023-07-10T19:55:00Z,Buy,292.365688842,290.728536237,1852,-3032.01,18.52,-13800.22,6192.64,19992.87,0,"	1419,1420" 
2023-07-10T19:55:00Z,"BIL",2023-07-11T19:55:00Z,Buy,80.419821494,80.428606705,1626,14.28,16.26,0,28.57,14.28,1,"	1422,1423" 
2023-07-10T19:55:00Z,"TSLA",2023-07-12T19:55:00Z,Buy,269.1,272.36,1515,4938.9,15.15,-3681.45,9180.9,5961.52,1,"	1421,1425" 
2023-07-11T19:55:00Z,"BIL",2023-07-12T19:55:00Z,Buy,80.437391916,80.437391916,1553,0,15.53,-13.64,13.64,13.64,0,"	1424,1426" 
2023-07-12T19:55:00Z,"NVDA",2023-07-26T19:55:00Z,Buy,43.874160658,45.3759339094,12386,18600.96,123.86,-532.16,50184.24,48018.46,1,"	1427,1428" 
2023-07-26T19:55:00Z,"GOOGL",2023-07-27T19:55:00Z,Buy,127.823544864,128.369036404,4395,2397.44,43.95,-435.9,18917.94,19048.71,1,"	1429,1430" 
2023-07-27T19:55:00Z,"META",2023-08-04T19:55:00Z,Buy,308.340329412,307.953366069,1830,-708.14,18.3,-726.3,27163.64,27889.94,0,"	1431,1432" 
2023-08-04T19:55:00Z,"AMZN",2023-08-08T19:55:00Z,Buy,139.55,139.83,4038,1130.64,40.38,-4401.42,11871.72,16273.14,1,"	1433,1434" 
2023-08-08T19:55:00Z,"META",2023-08-09T19:55:00Z,Buy,310.275146127,302.565645678,1819,-14023.58,18.19,-17543.01,306.82,17849.84,0,"	1435,1436" 
2023-08-09T19:55:00Z,"AMZN",2023-08-15T19:55:00Z,Buy,138.12,137.7,3986,-1674.12,39.86,-3746.84,12476.18,15764.63,0,"	1437,1438" 
2023-08-15T19:55:00Z,"NVDA",2023-08-18T19:55:00Z,Buy,43.9051353558,43.2726520104,11567,-7315.93,115.67,-26108.53,6379.77,32488.3,0,"	1439,1440" 
2023-08-18T19:55:00Z,"UUP",2023-08-21T19:55:00Z,Buy,25.01273018,24.986639015,21648,-564.82,216.48,-658.96,545.99,1204.95,0,"	1441,1442" 
2023-08-21T19:55:00Z,"NVDA",2023-08-22T19:55:00Z,Buy,46.9306639022,45.5917576102,2257,-3021.91,68.845,-3628.55,2203.29,5831.84,0,"	1443,1444" 
2023-08-21T19:55:00Z,"NVDA",2023-08-30T19:55:00Z,Buy,46.9306639022,49.094896013,824,1783.33,4.12,-1654.06,2423.05,3751.9,1,"	1443,1457" 
2023-08-21T19:55:00Z,"NVDA",2023-09-11T19:55:00Z,Buy,46.9306639022,45.06690562,8431,-15713.35,45.025,-22158.33,24792.18,46950.51,0,"	1443,1472" 
2023-08-22T19:55:00Z,"BIL",2023-08-23T19:55:00Z,Buy,80.91619155,80.91619155,1277,0,12.77,-11.27,11.27,11.27,0,"	1445,1446" 
2023-08-23T19:55:00Z,"BIL",2023-08-24T19:55:00Z,Buy,80.9250146,80.95148375,1358,35.95,13.58,-5.99,47.93,11.98,1,"	1447,1448" 
2023-08-24T19:55:00Z,"BIL",2023-08-25T19:55:00Z,Buy,80.9603068,80.9603068,1478,0,14.78,-13.04,13.04,13.04,0,"	1449,1450" 
2023-08-25T19:55:00Z,"BIL",2023-08-28T19:55:00Z,Buy,80.96912985,80.9779529,1436,12.67,14.36,-6.33,19,6.33,1,"	1451,1452" 
2023-08-28T19:55:00Z,"BIL",2023-08-29T19:55:00Z,Buy,80.98677595,80.98677595,1495,0,14.95,-6.6,6.6,6.6,0,"	1453,1454" 
2023-08-29T19:55:00Z,"BIL",2023-08-30T19:55:00Z,Buy,80.995599,80.995599,1581,0,15.81,-27.9,12.55,27.9,0,"	1455,1456" 
2023-08-30T19:55:00Z,"BIL",2023-08-31T19:55:00Z,Buy,81.00442205,81.03971425,1773,62.57,17.73,-15.64,78.22,15.64,1,"	1458,1459" 
2023-08-31T19:55:00Z,"BIL",2023-09-01T19:55:00Z,Buy,81.0485373,81.052702578,1450,6.04,14.5,-6.4,18.89,12.85,1,"	1460,1461" 
2023-09-01T19:55:00Z,"BIL",2023-09-05T19:55:00Z,Buy,81.061564671,81.070426764,1429,12.66,14.29,-6.33,19,6.33,1,"	1463,1464" 
2023-09-01T19:55:00Z,"NVDA",2023-09-11T19:55:00Z,Buy,48.5283587984,45.06690562,574,-1986.87,2.87,-2425.66,770.83,2582.24,0,"	1462,1472" 
2023-09-05T19:55:00Z,"BIL",2023-09-06T19:55:00Z,Buy,81.079288857,81.079288857,1496,0,14.96,-13.26,13.26,13.26,0,"	1465,1466" 
2023-09-06T19:55:00Z,"BIL",2023-09-07T19:55:00Z,Buy,81.08815095,81.114737229,1437,38.2,14.37,-12.73,50.94,12.73,1,"	1467,1468" 
2023-09-07T19:55:00Z,"BIL",2023-09-08T19:55:00Z,Buy,81.123599322,81.123599322,1511,0,15.11,-13.39,13.39,13.39,0,"	1469,1470" 
2023-09-08T19:55:00Z,"BIL",2023-09-11T19:55:00Z,Buy,81.132461415,81.132461415,1219,0,12.19,-1.08,16.2,16.2,0,"	1471,1473" 
2023-09-11T19:55:00Z,"BIL",2023-09-12T19:55:00Z,Buy,81.141323508,81.150185601,1564,13.86,15.64,-13.86,20.79,13.86,1,"	1475,1476" 
2023-09-11T19:55:00Z,"TSLA",2023-09-12T19:55:00Z,Buy,272.99,267.59,224,-1209.6,8.35,-1415.68,1140.16,2555.84,0,"	1474,1477" 
2023-09-11T19:55:00Z,"TSLA",2023-09-14T19:55:00Z,Buy,272.99,276.05,1222,3739.32,6.11,-7723.04,6219.98,13943.02,1,"	1474,1481" 
2023-09-12T19:55:00Z,"BIL",2023-09-13T19:55:00Z,Buy,81.159047694,81.159047694,2302,0,23.02,-20.4,20.4,20.4,0,"	1478,1479" 
2023-09-13T19:55:00Z,"BIL",2023-09-14T19:55:00Z,Buy,81.167909787,81.194496066,2353,62.56,23.53,-10.43,83.41,20.85,1,"	1480,1482" 
2023-09-14T19:55:00Z,"AMZN",2023-09-15T19:55:00Z,Buy,144.68,140.53,3623,-15035.45,36.23,-16231.04,362.3,16593.34,0,"	1483,1484" 
2023-09-15T19:55:00Z,"BIL",2023-09-18T19:55:00Z,Buy,81.212220252,81.221082345,2119,18.78,21.19,-9.39,28.17,9.39,1,"	1486,1487" 
2023-09-15T19:55:00Z,"TSLA",2023-09-22T19:55:00Z,Buy,274.03,244.67,1230,-36112.8,12.875,-36272.7,442.8,36715.5,0,"	1485,1496" 
2023-09-18T19:55:00Z,"BIL",2023-09-19T19:55:00Z,Buy,81.229944438,81.229944438,1981,0,19.81,-17.56,17.56,17.56,0,"	1488,1489" 
2023-09-19T19:55:00Z,"BIL",2023-09-20T19:55:00Z,Buy,81.238806531,81.238806531,2074,0,20.74,-18.38,18.38,18.38,0,"	1490,1491" 
2023-09-20T19:55:00Z,"BIL",2023-09-21T19:55:00Z,Buy,81.247668624,81.274254903,1741,46.29,17.41,-15.43,61.72,15.43,1,"	1493,1494" 
2023-09-20T19:55:00Z,"TSLA",2023-09-22T19:55:00Z,Buy,263.77,244.67,115,-2196.5,1,-2211.45,1221.3,2220.65,0,"	1492,1496" 
2023-09-21T19:55:00Z,"BIL",2023-09-22T19:55:00Z,Buy,81.283116996,81.291979089,1748,15.49,17.48,-7.75,23.24,7.75,1,"	1495,1497" 
2023-09-22T19:55:00Z,"META",2023-09-25T19:55:00Z,Buy,296.96956041,297.455745123,1585,770.6,15.85,-8272.18,2075.91,8547.4,1,"	1498,1499" 
2023-09-25T19:55:00Z,"UUP",2023-09-28T19:55:00Z,Buy,25.786768075,25.84764746,18288,1113.36,182.88,-159.05,3976.29,3340.09,1,"	1500,1501" 
2023-09-28T19:55:00Z,"META",2023-10-03T19:55:00Z,Buy,301.543665567,298.031229069,1567,-5503.99,15.67,-6545.7,9795.23,16340.94,0,"	1502,1503" 
2023-10-03T19:55:00Z,"NVDA",2023-10-17T19:55:00Z,Buy,43.483068693,43.9287414182,10743,4787.86,107.43,-10488.21,43434.28,53922.49,1,"	1504,1505" 
2023-10-17T19:55:00Z,"META",2023-10-20T19:55:00Z,Buy,321.08035332,306.117770724,1469,-21980.03,14.69,-24778.55,2769.37,27547.92,0,"	1506,1507" 
2023-10-20T19:55:00Z,"MSFT",2023-10-23T19:55:00Z,Buy,320.359936614,323.136376317,1404,3898.12,14.04,-2644.66,8457.41,4683.26,1,"	1508,1509" 
2023-10-23T19:55:00Z,"META",2023-10-24T19:55:00Z,Buy,311.098683498,309.640129359,1458,-2126.57,14.58,-4086.78,6654.58,10741.36,0,"	1510,1511" 
2023-10-24T19:55:00Z,"MSFT",2023-10-31T19:55:00Z,Buy,324.912120438,331.485316908,1389,9130.17,13.89,-5491.73,19364.14,24855.87,1,"	1512,1513" 
2023-10-31T19:55:00Z,"META",2023-11-06T20:55:00Z,Buy,298.517413782,312.706069692,1543,21893.1,15.43,0,26363.57,14314.72,1,"	1514,1515" 
2023-11-06T20:55:00Z,"NVDA",2023-11-07T20:55:00Z,Buy,45.6484785484,45.8952972998,9870,2436.1,98.7,-4566.46,5059.59,6726.4,1,"	1516,1517" 
2023-11-07T20:55:00Z,"AMZN",2023-11-08T20:55:00Z,Buy,142.7,142.08,3347,-2075.14,33.47,-4819.68,468.58,5288.26,0,"	1518,1519" 
2023-11-08T20:55:00Z,"META",2023-11-10T20:55:00Z,Buy,317.557994685,325.981888998,1520,12804.32,15.2,-1372.43,13030.54,7525.74,1,"	1520,1521" 
2023-11-10T20:55:00Z,"NVDA",2023-11-22T20:55:00Z,Buy,48.2265853444,48.719223581,9662,4759.87,99.64,-4335.05,22042.16,26377.21,1,"	1522,1524" 
2023-11-15T20:55:00Z,"NVDA",2023-11-22T20:55:00Z,Buy,48.7681876248,48.719223581,604,-29.57,3.02,-598.12,1050.79,1648.92,0,"	1523,1524" 
2023-11-22T20:55:00Z,"META",2023-11-24T17:55:00Z,Buy,338.870744961,335.675816847,1475,-4712.52,14.75,-6878.52,234.16,7112.68,0,"	1525,1526" 
2023-11-24T17:55:00Z,"NVDA",2023-11-27T20:55:00Z,Buy,47.8518605194,48.2715523234,10351,4344.23,103.51,-1468.76,6433.6,3604.68,1,"	1527,1528" 
2023-11-27T20:55:00Z,"META",2023-11-28T20:55:00Z,Buy,332.212991034,336.142157286,1503,5905.54,15.03,-1431.65,5920.45,3251.03,1,"	1529,1530" 
2023-11-28T20:55:00Z,"BIL",2023-11-29T20:55:00Z,Buy,82.06926426,82.06926426,1097,0,10.97,-9.81,9.81,9.81,0,"	1532,1533" 
2023-11-28T20:55:00Z,"TSLA",2023-11-30T20:55:00Z,Buy,246.44,239.86,1685,-11087.3,17.355,-15063.9,9756.15,24820.05,0,"	1531,1536" 
2023-11-29T20:55:00Z,"TSLA",2023-11-30T20:55:00Z,Buy,244.01,239.86,101,-419.15,1,-657.51,830.22,699.93,0,"	1534,1536" 
2023-11-29T20:55:00Z,"BIL",2023-11-30T20:55:00Z,Buy,82.078204267,82.105024288,798,21.4,7.98,-7.13,24.97,7.13,1,"	1535,1537" 
2023-11-30T20:55:00Z,"AMZN",2023-12-06T20:55:00Z,Buy,146.18,144.44,3379,-5879.46,33.79,-11285.86,7805.49,14698.65,0,"	1538,1539" 
2023-12-06T20:55:00Z,"TSLA",2023-12-07T20:55:00Z,Buy,239.48,242.72,1874,6071.76,18.74,-4272.72,8114.42,9819.76,1,"	1540,1541" 
2023-12-07T20:55:00Z,"GOOGL",2023-12-08T20:55:00Z,Buy,135.688541068,133.853705888,3641,-6680.63,36.41,-8811.22,433.34,9244.55,0,"	1542,1543" 
2023-12-08T20:55:00Z,"META",2023-12-11T20:55:00Z,Buy,329.960665935,322.945715076,1477,-10361.08,14.77,-18157.54,586.2,18743.74,0,"	1544,1545" 
2023-12-11T20:55:00Z,"AAPL",2023-12-12T20:55:00Z,Buy,191.104706547,192.430929069,2496,3310.25,24.96,-3285.55,3606.69,3619.04,1,"	1546,1547" 
2023-12-12T20:55:00Z,"META",2023-12-27T20:55:00Z,Buy,331.617662814,354.488188599,1448,33116.52,14.48,-7758.32,35314.71,13562.69,1,"	1548,1549" 
2023-12-27T20:55:00Z,"TSLA",2023-12-28T20:55:00Z,Buy,261.2,253.38,1965,-15366.3,19.65,-16525.65,6779.25,23304.9,0,"	1550,1551" 
2023-12-28T20:55:00Z,"META",2024-01-08T20:55:00Z,Buy,355.053750408,355.847521368,1402,1112.87,14.02,-24663.91,2809.99,27473.9,1,"	1552,1553" 
2024-01-08T20:55:00Z,"NVDA",2024-02-02T20:55:00Z,Buy,52.162281384,66.103269684,9569,133401.32,95.69,-3442.61,137503.77,26489.01,1,"	1554,1555" 
2024-02-02T20:55:00Z,"META",2024-02-05T20:55:00Z,Buy,471.867069309,457.737946221,588,-8307.92,9.635,-9048.87,17.5,9066.37,0,"	1556,1557" 
2024-02-02T20:55:00Z,"META",2024-02-08T20:55:00Z,Buy,471.867069309,466.003086342,751,-4403.85,3.755,-15983.52,22.35,16005.88,0,"	1556,1563" 
2024-02-05T20:55:00Z,"BIL",2024-02-06T20:55:00Z,Buy,82.877577595,82.877577595,3249,0,32.49,-29.44,29.44,29.44,0,"	1558,1559" 
2024-02-06T20:55:00Z,"BIL",2024-02-07T20:55:00Z,Buy,82.886640206,82.895702817,3334,30.21,33.34,0,60.43,30.21,1,"	1560,1561" 
2024-02-07T20:55:00Z,"BIL",2024-02-08T20:55:00Z,Buy,82.904765428,82.931953261,3420,92.98,34.2,-30.99,123.98,30.99,1,"	1562,1564" 
2024-02-08T20:55:00Z,"NVDA",2024-02-23T20:55:00Z,Buy,69.7049415,79.12884972,3593,33860.1,62.395,-12301.67,45063.02,29389.71,1,"	1565,1566" 
2024-02-08T20:55:00Z,"NVDA",2024-03-12T19:55:00Z,Buy,69.7049415,91.3822200933,482,10448.45,2.41,-1650.27,13292.95,6069.56,1,"	1565,1591" 
2024-02-08T20:55:00Z,"NVDA",2024-03-18T19:55:00Z,Buy,69.7049415,88.367027578,4811,89783.3,24.055,-16471.84,132681.32,60582.28,1,"	1565,1599" 
2024-02-23T20:55:00Z,"BIL",2024-02-26T20:55:00Z,Buy,83.113205481,83.113205481,3417,0,34.17,-15.48,30.97,30.97,0,"	1567,1568" 
2024-02-26T20:55:00Z,"BIL",2024-02-27T20:55:00Z,Buy,83.122268092,83.131330703,3422,31.01,34.22,-31.01,46.52,31.01,1,"	1569,1570" 
2024-02-27T20:55:00Z,"BIL",2024-02-28T20:55:00Z,Buy,83.140393314,83.140393314,3381,0,33.81,-30.64,30.64,30.64,0,"	1571,1572" 
2024-02-28T20:55:00Z,"BIL",2024-02-29T20:55:00Z,Buy,83.149455925,83.176643758,3360,91.35,33.6,-30.45,106.58,30.45,1,"	1573,1574" 
2024-02-29T20:55:00Z,"BIL",2024-03-01T20:55:00Z,Buy,83.185706369,83.190402072,3460,16.25,34.6,-31.36,47.73,31.48,1,"	1575,1576" 
2024-03-01T20:55:00Z,"BIL",2024-03-04T20:55:00Z,Buy,83.199499885,83.199499885,3441,0,34.41,-15.65,31.31,31.31,0,"	1577,1578" 
2024-03-04T20:55:00Z,"BIL",2024-03-05T20:55:00Z,Buy,83.208597698,83.208597698,3561,0,35.61,-16.2,32.4,32.4,0,"	1579,1580" 
2024-03-05T20:55:00Z,"BIL",2024-03-06T20:55:00Z,Buy,83.217695511,83.226793324,3519,32.02,35.19,-32.02,64.03,32.02,1,"	1581,1582" 
2024-03-06T20:55:00Z,"BIL",2024-03-07T20:55:00Z,Buy,83.235891137,83.263184576,3488,95.2,34.88,-31.73,126.93,31.73,1,"	1583,1584" 
2024-03-07T20:55:00Z,"BIL",2024-03-08T20:55:00Z,Buy,83.272282389,83.272282389,3545,0,35.45,-32.25,32.25,32.25,0,"	1585,1586" 
2024-03-08T20:55:00Z,"BIL",2024-03-11T19:55:00Z,Buy,83.281380202,83.281380202,3491,0,34.91,-31.76,31.76,31.76,0,"	1587,1588" 
2024-03-11T19:55:00Z,"BIL",2024-03-12T19:55:00Z,Buy,83.290478015,83.299575828,3754,34.15,37.54,-34.15,68.31,34.15,1,"	1589,1590" 
2024-03-12T19:55:00Z,"BIL",2024-03-13T19:55:00Z,Buy,83.308673641,83.308673641,3934,0,39.34,-17.9,35.79,35.79,0,"	1592,1593" 
2024-03-13T19:55:00Z,"BIL",2024-03-14T19:55:00Z,Buy,83.317771454,83.345064893,4143,113.08,41.43,-37.69,131.92,37.69,1,"	1594,1595" 
2024-03-14T19:55:00Z,"BIL",2024-03-15T19:55:00Z,Buy,83.354162706,83.354162706,4092,0,40.92,-37.23,37.23,37.23,0,"	1596,1597" 
2024-03-15T19:55:00Z,"BIL",2024-03-18T19:55:00Z,Buy,83.363260519,83.363260519,4184,0,41.84,-19.03,38.07,38.07,0,"	1598,1600" 
2024-03-18T19:55:00Z,"GOOGL",2024-03-22T19:55:00Z,Buy,146.350421168,149.821730968,5144,17856.42,51.44,-7372.15,20458.35,16070.78,1,"	1601,1602" 
2024-03-22T19:55:00Z,"NVDA",2024-03-28T19:55:00Z,Buy,94.34344496,90.2938725132,430,-1741.32,39.165,-2250.56,965.63,3216.19,0,"	1603,1610" 
2024-03-22T19:55:00Z,"NVDA",2024-04-04T19:55:00Z,Buy,94.34344496,86.4901526878,6973,-54761.01,37.16,-57318.56,15658.94,72977.51,0,"	1603,1618" 
2024-03-25T19:55:00Z,"BIL",2024-03-26T19:55:00Z,Buy,83.463336462,83.463336462,1000,0,10,-9.1,4.55,9.1,0,"	1604,1605" 
2024-03-26T19:55:00Z,"BIL",2024-03-27T19:55:00Z,Buy,83.472434275,83.508825527,972,35.37,9.72,-8.84,44.22,8.84,1,"	1606,1607" 
2024-03-27T19:55:00Z,"BIL",2024-03-28T19:55:00Z,Buy,83.51792334,83.51792334,1189,0,11.89,-5.41,9.74,9.74,0,"	1608,1609" 
2024-03-28T19:55:00Z,"BIL",2024-04-01T19:55:00Z,Buy,83.527021153,83.540519342,1329,17.94,13.29,-12.09,30.08,12.14,1,"	1611,1612" 
2024-04-01T19:55:00Z,"BIL",2024-04-02T19:55:00Z,Buy,83.549657443,83.549657443,1307,0,13.07,-11.94,11.94,11.94,0,"	1613,1614" 
2024-04-02T19:55:00Z,"BIL",2024-04-03T19:55:00Z,Buy,83.558795544,83.558795544,1050,0,10.5,-4.8,9.6,9.6,0,"	1615,1616" 
2024-04-03T19:55:00Z,"NVDA",2024-04-04T19:55:00Z,Buy,88.9047052622,86.4901526878,459,-1108.28,2.295,-1276.63,3527.14,1999.58,0,"	1617,1618" 
2024-04-04T19:55:00Z,"META",2024-04-17T19:55:00Z,Buy,508.830511392,492.481346448,1401,-22905.18,14.01,-34705.66,25563.07,60268.73,0,"	1619,1620" 
2024-04-17T19:55:00Z,"UUP",2024-04-18T19:55:00Z,Buy,26.68343132,26.72969247,25868,1196.68,258.68,-359.01,1316.35,837.68,1,"	1621,1622" 
2024-04-18T19:55:00Z,"GOOGL",2024-04-22T19:55:00Z,Buy,154.741072856,154.959269472,4466,974.47,44.66,-16145.13,7042.73,16588.07,1,"	1623,1624" 
2024-04-22T19:55:00Z,"UUP",2024-04-23T19:55:00Z,Buy,26.7389447,26.61866571,25884,-3113.3,258.84,-3233.04,239.48,3472.53,0,"	1625,1626" 
2024-04-23T19:55:00Z,"GOOGL",2024-04-25T19:55:00Z,Buy,156.764350568,154.77082694,4393,-8757.55,43.93,-29845.38,6274.07,36119.44,0,"	1627,1628" 
2024-04-25T19:55:00Z,"UUP",2024-04-26T19:55:00Z,Buy,26.61866571,26.72044024,25540,2599.32,255.4,-236.3,4225.08,1862.06,1,"	1629,1630" 
2024-04-26T19:55:00Z,"GOOGL",2024-04-29T19:55:00Z,Buy,170.500819348,164.778117192,4001,-22896.53,40.01,-26229.82,515.87,26745.69,0,"	1631,1632" 
2024-04-29T19:55:00Z,"BIL",2024-04-30T19:55:00Z,Buy,83.878629079,83.878629079,2965,0,29.65,-27.09,13.55,27.09,0,"	1634,1635" 
2024-04-29T19:55:00Z,"TSLA",2024-04-30T19:55:00Z,Buy,194.16,183.86,455,-4686.5,12.85,-5109.65,0,5109.65,0,"	1633,1636" 
2024-04-29T19:55:00Z,"TSLA",2024-05-07T19:55:00Z,Buy,194.16,178.08,1660,-26692.8,8.3,-29597.8,0,29597.8,0,"	1633,1646" 
2024-04-30T19:55:00Z,"BIL",2024-05-01T19:55:00Z,Buy,83.88776718,83.894726132,3961,27.56,39.61,-36.2,63.91,36.35,1,"	1637,1638" 
2024-05-01T19:55:00Z,"BIL",2024-05-02T19:55:00Z,Buy,83.903902978,83.931433516,3952,108.8,39.52,-36.27,145.07,36.27,1,"	1639,1640" 
2024-05-02T19:55:00Z,"BIL",2024-05-03T19:55:00Z,Buy,83.940610362,83.940610362,3962,0,39.62,-18.18,36.36,36.36,0,"	1641,1642" 
2024-05-03T19:55:00Z,"BIL",2024-05-06T19:55:00Z,Buy,83.949787208,83.949787208,3971,0,39.71,-18.22,36.44,36.44,0,"	1643,1644" 
2024-05-06T19:55:00Z,"BIL",2024-05-07T19:55:00Z,Buy,83.958964054,83.958964054,3948,0,39.48,-36.23,36.23,36.23,0,"	1645,1647" 
2024-05-07T19:55:00Z,"BIL",2024-05-08T19:55:00Z,Buy,83.9681409,83.977317746,2647,24.29,26.47,-24.29,48.58,24.29,1,"	1649,1650" 
2024-05-07T19:55:00Z,"NVDA",2024-05-13T19:55:00Z,Buy,90.6336688192,90.295871315,4476,-1511.98,44.76,-10570.45,2997.12,12239,0,"	1648,1656" 
2024-05-08T19:55:00Z,"BIL",2024-05-09T19:55:00Z,Buy,83.986494592,84.01402513,2629,72.38,26.29,-24.13,84.44,24.13,1,"	1651,1652" 
2024-05-09T19:55:00Z,"BIL",2024-05-10T19:55:00Z,Buy,84.023201976,84.023201976,2578,0,25.78,-11.83,23.66,23.66,0,"	1653,1654" 
2024-05-10T19:55:00Z,"BIL",2024-05-13T19:55:00Z,Buy,84.032378822,84.032378822,2497,0,24.97,-22.91,22.91,22.91,0,"	1655,1657" 
2024-05-13T19:55:00Z,"AAPL",2024-05-14T19:55:00Z,Buy,185.128226624,186.180091548,3384,3559.51,33.84,-1477.53,5356.06,6111.61,1,"	1658,1659" 
2024-05-14T19:55:00Z,"BIL",2024-05-15T19:55:00Z,Buy,84.05990936,84.05990936,2399,0,23.99,-22.02,22.02,22.02,0,"	1661,1662" 
2024-05-14T19:55:00Z,"NVDA",2024-05-24T19:55:00Z,Buy,91.5311308274,106.0594217107,889,12915.65,27.84,-204.35,13037.37,3507.23,1,"	1660,1671" 
2024-05-14T19:55:00Z,"NVDA",2024-05-29T19:55:00Z,Buy,91.5311308274,114.246528596,522,11857.44,2.61,-119.99,12472.01,2059.36,1,"	1660,1677" 
2024-05-14T19:55:00Z,"NVDA",2024-06-11T19:55:00Z,Buy,91.5311308274,120.631839489,3268,95101.12,27.115,-751.19,110844.27,27834.19,1,"	1660,1695" 
2024-05-15T19:55:00Z,"BIL",2024-05-16T19:55:00Z,Buy,84.069086206,84.096616744,2443,67.26,24.43,-22.42,89.68,22.42,1,"	1663,1664" 
2024-05-16T19:55:00Z,"BIL",2024-05-17T19:55:00Z,Buy,84.10579359,84.10579359,2351,0,23.51,-21.57,21.57,21.57,0,"	1665,1666" 
2024-05-17T19:55:00Z,"BIL",2024-05-20T19:55:00Z,Buy,84.114970436,84.124147282,2323,21.32,23.23,-21.32,31.98,21.32,1,"	1667,1668" 
2024-05-20T19:55:00Z,"NVDA",2024-06-11T19:55:00Z,Buy,94.633271221,120.631839489,1462,38009.91,7.31,-4871.39,45052.9,12452.14,1,"	1669,1695" 
2024-05-22T19:55:00Z,"NVDA",2024-06-11T19:55:00Z,Buy,94.6712484552,120.631839489,365,9475.62,1.825,-1230.04,11233.95,3108.78,1,"	1670,1695" 
2024-05-24T19:55:00Z,"BIL",2024-05-28T19:55:00Z,Buy,84.215915742,84.206738896,1457,-13.37,14.57,-13.37,0,13.37,0,"	1672,1673" 
2024-05-28T19:55:00Z,"BIL",2024-05-29T19:55:00Z,Buy,84.215915742,84.215915742,1013,0,10.13,-9.3,9.3,9.3,0,"	1675,1676" 
2024-05-28T19:55:00Z,"NVDA",2024-06-11T19:55:00Z,Buy,113.63188233,120.631839489,328,2295.99,1.64,-7324.44,3876.08,2793.64,1,"	1674,1695" 
2024-05-29T19:55:00Z,"BIL",2024-05-30T19:55:00Z,Buy,84.225092588,84.234269434,1721,15.79,17.21,-7.9,23.69,7.9,1,"	1678,1679" 
2024-05-30T19:55:00Z,"BIL",2024-05-31T19:55:00Z,Buy,84.24344628,84.261799972,1514,27.79,15.14,-6.95,34.73,6.95,1,"	1680,1681" 
2024-05-31T19:55:00Z,"BIL",2024-06-03T19:55:00Z,Buy,84.270976818,84.275657358,1480,6.93,14.8,-13.58,34.21,27.28,1,"	1682,1683" 
2024-06-03T19:55:00Z,"BIL",2024-06-04T19:55:00Z,Buy,84.284874864,84.29409237,1548,14.27,15.48,-14.27,28.54,14.27,1,"	1684,1685" 
2024-06-04T19:55:00Z,"BIL",2024-06-05T19:55:00Z,Buy,84.303309876,84.303309876,1731,0,17.31,-15.96,15.96,15.96,0,"	1686,1687" 
2024-06-05T19:55:00Z,"BIL",2024-06-06T19:55:00Z,Buy,84.312527382,84.312527382,1673,0,16.73,-15.42,15.42,15.42,0,"	1688,1689" 
2024-06-06T19:55:00Z,"BIL",2024-06-07T19:55:00Z,Buy,84.321744888,84.349397406,1754,48.5,17.54,-16.17,64.67,16.17,1,"	1690,1691" 
2024-06-07T19:55:00Z,"BIL",2024-06-10T19:55:00Z,Buy,84.358614912,84.358614912,1836,0,18.36,-16.92,16.92,16.92,0,"	1692,1693" 
2024-06-10T19:55:00Z,"BIL",2024-06-11T19:55:00Z,Buy,84.367832418,84.377049924,1672,15.41,16.72,-7.71,30.82,15.41,1,"	1694,1696" 
2024-06-11T19:55:00Z,"AAPL",2024-06-13T19:55:00Z,Buy,205.073967164,212.774412268,3896,30000.93,38.96,0,51921.72,32552.56,1,"	1697,1698" 
2024-06-13T19:55:00Z,"BIL",2024-06-14T19:55:00Z,Buy,84.413919948,84.441572466,1895,52.4,18.95,-17.47,61.14,17.47,1,"	1700,1701" 
2024-06-13T19:55:00Z,"NVDA",2024-06-25T19:55:00Z,Buy,129.397613226,125.889304695,5170,-18137.96,51.7,-58651.22,57824.42,116475.64,0,"	1699,1713" 
2024-06-14T19:55:00Z,"BIL",2024-06-17T19:55:00Z,Buy,84.450789972,84.450789972,1918,0,19.18,-17.68,17.68,17.68,0,"	1702,1703" 
2024-06-17T19:55:00Z,"BIL",2024-06-18T19:55:00Z,Buy,84.460007478,84.469224984,1832,16.89,18.32,-8.44,33.77,16.89,1,"	1704,1705" 
2024-06-18T19:55:00Z,"BIL",2024-06-20T19:55:00Z,Buy,84.47844249,84.487659996,1697,15.64,16.97,0,31.28,15.64,1,"	1706,1707" 
2024-06-20T19:55:00Z,"BIL",2024-06-21T19:55:00Z,Buy,84.496877502,84.52453002,1706,47.18,17.06,0,62.9,15.73,1,"	1708,1709" 
2024-06-21T19:55:00Z,"BIL",2024-06-24T19:55:00Z,Buy,84.533747526,84.533747526,2172,0,21.72,-20.02,20.02,20.02,0,"	1710,1711" 
2024-06-24T19:55:00Z,"BIL",2024-06-25T19:55:00Z,Buy,84.542965032,84.542965032,2361,0,23.61,-10.88,32.64,32.64,0,"	1712,1714" 
2024-06-25T19:55:00Z,"AAPL",2024-06-26T19:55:00Z,Buy,207.475394632,211.454619486,3908,15550.81,39.08,-601.09,22259.76,7717.24,1,"	1715,1716" 
2024-06-26T19:55:00Z,"TSLA",2024-06-27T19:55:00Z,Buy,197.47,197.21,4184,-1087.84,41.84,-13932.72,4602.4,17823.84,0,"	1717,1718" 
2024-06-27T19:55:00Z,"AMZN",2024-07-01T19:55:00Z,Buy,197.22,197.28,4184,251.04,41.84,-19288.24,6568.88,25857.12,1,"	1719,1720" 
2024-07-01T19:55:00Z,"TSLA",2024-07-03T16:55:00Z,Buy,210.36,246.68,841,30545.12,23.825,-782.13,31899.13,6740.62,1,"	1721,1722" 
2024-07-01T19:55:00Z,"TSLA",2024-07-12T19:55:00Z,Buy,210.36,249.61,543,21312.75,2.715,-504.99,32759.19,20025.84,1,"	1721,1735" 
2024-07-01T19:55:00Z,"TSLA",2024-07-18T19:55:00Z,Buy,210.36,248.54,2540,96977.2,12.7,-2362.2,153238.2,93675.2,1,"	1721,1743" 
2024-07-03T16:55:00Z,"BIL",2024-07-05T19:55:00Z,Buy,84.665107344,84.692878536,2445,67.9,24.45,-11.32,90.53,22.63,1,"	1723,1724" 
2024-07-05T19:55:00Z,"BIL",2024-07-08T19:55:00Z,Buy,84.7021356,84.7021356,2858,0,28.58,-26.46,26.46,26.46,0,"	1725,1726" 
2024-07-08T19:55:00Z,"BIL",2024-07-09T19:55:00Z,Buy,84.711392664,84.711392664,2827,0,28.27,-13.08,39.25,39.25,0,"	1727,1728" 
2024-07-09T19:55:00Z,"BIL",2024-07-10T19:55:00Z,Buy,84.720649728,84.729906792,2931,27.13,29.31,-27.13,40.7,27.13,1,"	1729,1730" 
2024-07-10T19:55:00Z,"BIL",2024-07-11T19:55:00Z,Buy,84.739163856,84.739163856,2921,0,29.21,-27.04,27.04,27.04,0,"	1731,1732" 
2024-07-11T19:55:00Z,"BIL",2024-07-12T19:55:00Z,Buy,84.74842092,84.776192112,2422,67.26,24.22,-22.42,89.68,22.42,1,"	1733,1734" 
2024-07-12T19:55:00Z,"BIL",2024-07-15T19:55:00Z,Buy,84.785449176,84.785449176,4038,0,40.38,-37.38,37.38,37.38,0,"	1736,1737" 
2024-07-15T19:55:00Z,"BIL",2024-07-16T19:55:00Z,Buy,84.79470624,84.79470624,4037,0,40.37,-18.69,37.37,37.37,0,"	1738,1739" 
2024-07-16T19:55:00Z,"BIL",2024-07-17T19:55:00Z,Buy,84.803963304,84.813220368,4053,37.52,40.53,-37.52,56.28,37.52,1,"	1740,1741" 
2024-07-17T19:55:00Z,"BIL",2024-07-18T19:55:00Z,Buy,84.822477432,84.822477432,3727,0,37.27,-17.25,34.5,34.5,0,"	1742,1744" 
2024-07-18T19:55:00Z,"AAPL",2024-07-22T19:55:00Z,Buy,222.13204079,222.18165706,4383,217.47,43.83,-2696.6,16875.53,19572.13,1,"	1745,1746" 
2024-07-22T19:55:00Z,"UUP",2024-07-30T19:55:00Z,Buy,26.65567463,26.74819693,36534,3380.21,365.34,-1859.12,5408.34,3883.86,1,"	1747,1748" 
2024-07-30T19:55:00Z,"META",2024-08-02T19:55:00Z,Buy,461.949643012,483.793372634,181,3953.72,10.675,-257.34,11164.7,8978.19,1,"	1749,1752" 
2024-07-30T19:55:00Z,"META",2024-08-07T19:55:00Z,Buy,461.949643012,487.760440508,124,3200.54,1,-1420.27,7648.75,9069.02,1,"	1749,1756" 
2024-07-30T19:55:00Z,"META",2024-08-15T19:55:00Z,Buy,461.949643012,533.545772738,1630,116701.69,9.17,-18669.68,121709.44,119213.67,1,"	1749,1768" 
2024-08-01T19:55:00Z,"BIL",2024-08-02T19:55:00Z,Buy,85.000588162,85.037779406,1260,46.86,12.6,0,58.58,11.72,1,"	1750,1751" 
2024-08-02T19:55:00Z,"BIL",2024-08-05T19:55:00Z,Buy,85.047077217,85.047077217,2003,0,20.03,-9.31,18.62,18.62,0,"	1753,1754" 
2024-08-05T19:55:00Z,"META",2024-08-15T19:55:00Z,Buy,472.260042474,533.545772738,204,12502.29,1.02,-4439.89,13129.03,4519,1,"	1755,1768" 
2024-08-07T19:55:00Z,"BIL",2024-08-08T19:55:00Z,Buy,85.084268461,85.084268461,1580,0,15.8,-7.35,7.35,7.35,0,"	1757,1758" 
2024-08-08T19:55:00Z,"BIL",2024-08-09T19:55:00Z,Buy,85.093566272,85.112161894,1595,29.66,15.95,-14.83,44.49,14.83,1,"	1759,1760" 
2024-08-09T19:55:00Z,"BIL",2024-08-12T19:55:00Z,Buy,85.121459705,85.130757516,1753,16.3,17.53,-16.3,30.97,16.3,1,"	1761,1762" 
2024-08-12T19:55:00Z,"BIL",2024-08-13T19:55:00Z,Buy,85.140055327,85.140055327,1563,0,15.63,-14.53,14.53,14.53,0,"	1763,1764" 
2024-08-13T19:55:00Z,"BIL",2024-08-14T19:55:00Z,Buy,85.149353138,85.158650949,1591,14.79,15.91,-14.79,22.19,14.79,1,"	1765,1766" 
2024-08-14T19:55:00Z,"BIL",2024-08-15T19:55:00Z,Buy,85.16794876,85.16794876,1647,0,16.47,-15.31,15.31,15.31,0,"	1767,1769" 
2024-08-15T19:55:00Z,"BIL",2024-08-16T19:55:00Z,Buy,85.177246571,85.195842193,6670,124.03,66.7,-62.02,186.05,62.02,1,"	1771,1772" 
2024-08-15T19:55:00Z,"NVDA",2024-08-26T19:55:00Z,Buy,122.361005802,126.668928813,4451,19174.57,44.51,-4671.3,38705.04,33277.44,1,"	1770,1784" 
2024-08-16T19:55:00Z,"BIL",2024-08-19T19:55:00Z,Buy,85.205140004,85.214437815,6770,62.95,67.7,0,125.89,62.95,1,"	1773,1774" 
2024-08-19T19:55:00Z,"BIL",2024-08-20T19:55:00Z,Buy,85.223735626,85.223735626,6865,0,68.65,-63.83,63.83,63.83,0,"	1775,1776" 
2024-08-20T19:55:00Z,"BIL",2024-08-21T19:55:00Z,Buy,85.233033437,85.242331248,6782,63.06,67.82,0,126.12,63.06,1,"	1777,1778" 
2024-08-21T19:55:00Z,"BIL",2024-08-22T19:55:00Z,Buy,85.251629059,85.251629059,6846,0,68.46,-63.65,63.65,63.65,0,"	1779,1780" 
2024-08-22T19:55:00Z,"BIL",2024-08-23T19:55:00Z,Buy,85.26092687,85.288820303,6369,177.65,63.69,-59.22,236.87,59.22,1,"	1781,1782" 
2024-08-23T19:55:00Z,"BIL",2024-08-26T19:55:00Z,Buy,85.298118114,85.298118114,6598,0,65.98,-61.35,61.35,61.35,0,"	1783,1785" 
2024-08-26T19:55:00Z,"TSLA",2024-08-27T19:55:00Z,Buy,213.16,209.27,3332,-12961.48,33.32,-19425.56,7896.84,27322.4,0,"	1786,1788" 
2024-08-26T19:55:00Z,"BIL",2024-08-27T19:55:00Z,Buy,85.307415925,85.307415925,4941,0,49.41,-45.94,45.94,45.94,0,"	1787,1789" 
2024-08-27T19:55:00Z,"BIL",2024-08-28T19:55:00Z,Buy,85.316713736,85.316713736,6589,0,65.89,-61.26,61.26,61.26,0,"	1791,1792" 
2024-08-27T19:55:00Z,"NVDA",2024-08-29T19:55:00Z,Buy,128.328128859,117.483357474,4338,-47044.62,43.38,-49949.68,195.12,50144.79,0,"	1790,1794" 
2024-08-28T19:55:00Z,"BIL",2024-08-29T19:55:00Z,Buy,85.326011547,85.335309358,6097,56.69,60.97,-28.34,85.03,28.34,1,"	1793,1795" 
2024-08-29T19:55:00Z,"AAPL",2024-09-04T19:55:00Z,Buy,227.962521094,219.498123466,4702,-39799.6,47.02,-55355.07,4017.33,59372.4,0,"	1796,1797" 
2024-09-04T19:55:00Z,"UUP",2024-09-05T19:55:00Z,Buy,26.08203637,26.02652299,39577,-2197.05,395.77,-2563.23,549.26,3112.49,0,"	1798,1799" 
2024-09-05T19:55:00Z,"BIL",2024-09-06T19:55:00Z,Buy,85.434212857,85.462227136,2960,82.92,29.6,-27.64,110.56,27.64,1,"	1801,1802" 
2024-09-05T19:55:00Z,"TSLA",2024-09-09T19:55:00Z,Buy,229.14,216.18,3388,-43908.48,33.88,-62373.08,13314.84,75687.92,0,"	1800,1804" 
2024-09-06T19:55:00Z,"BIL",2024-09-09T19:55:00Z,Buy,85.471565229,85.471565229,2610,0,26.1,-12.19,24.37,24.37,0,"	1803,1805" 
2024-09-09T19:55:00Z,"UUP",2024-09-10T19:55:00Z,Buy,26.1838109,26.1838109,37644,0,376.44,-174.15,1741.45,1741.45,0,"	1806,1807" 
2024-09-10T19:55:00Z,"TSLA",2024-09-11T19:55:00Z,Buy,225.57,227.38,2877,5207.37,28.77,-24742.2,5264.91,26468.4,1,"	1808,1810" 
2024-09-10T19:55:00Z,"BIL",2024-09-11T19:55:00Z,Buy,85.499579508,85.499579508,3932,0,39.32,-18.36,36.72,36.72,0,"	1809,1811" 
2024-09-11T19:55:00Z,"AMZN",2024-09-17T19:55:00Z,Buy,184.12,186.82,5379,14523.3,53.79,-3926.67,28185.96,27163.95,1,"	1812,1813" 
2024-09-17T19:55:00Z,"MSFT",2024-09-19T19:55:00Z,Buy,429.802539023,432.985309705,2338,7441.32,23.38,-10075.82,14351.11,10815.33,1,"	1814,1815" 
2024-09-19T19:55:00Z,"NVDA",2024-09-20T19:55:00Z,Buy,118.05318516,115.944021564,5679,-11977.94,56.79,-14986.62,1816.56,16803.18,0,"	1816,1818" 
2024-09-19T19:55:00Z,"BIL",2024-09-20T19:55:00Z,Buy,85.620974717,85.648988996,3992,111.83,39.92,-18.64,149.11,37.28,1,"	1817,1819" 
2024-09-20T19:55:00Z,"META",2024-10-03T19:55:00Z,Buy,558.029160792,579.70464075,1792,38842.46,17.92,-10736.07,38860.29,33456.59,1,"	1820,1821" 
2024-10-03T19:55:00Z,"BIL",2024-10-04T19:55:00Z,Buy,85.78111549,85.79986751,1426,26.74,14.26,-6.69,40.11,13.37,1,"	1823,1824" 
2024-10-03T19:55:00Z,"NVDA",2024-10-24T19:55:00Z,Buy,122.7013419,140.534270124,7470,133211.97,79.265,-5152.26,161736.06,78777.26,1,"	1822,1829" 
2024-10-04T19:55:00Z,"BIL",2024-10-07T19:55:00Z,Buy,85.80924352,85.80924352,1680,0,16.8,-15.75,7.88,15.75,0,"	1825,1826" 
2024-10-08T19:55:00Z,"NVDA",2024-10-24T19:55:00Z,Buy,132.917290692,140.534270124,477,3633.3,2.385,-5202.01,5454.72,5030.36,1,"	1827,1829" 
2024-10-10T19:55:00Z,"NVDA",2024-10-24T19:55:00Z,Buy,134.726573208,140.534270124,436,2532.16,2.18,-5543.72,4197.02,4597.98,1,"	1828,1829" 
2024-10-24T19:55:00Z,"TSLA",2024-10-25T19:55:00Z,Buy,260.27,269.35,2367,21492.36,33.835,-6106.86,21563.37,19196.37,1,"	1830,1831" 
2024-10-24T19:55:00Z,"TSLA",2024-10-30T19:55:00Z,Buy,260.27,258.3,2033,-4005.01,10.165,-9290.81,26368.01,35658.82,0,"	1830,1837" 
2024-10-25T19:55:00Z,"BIL",2024-10-28T19:55:00Z,Buy,86.02489175,86.02489175,7790,0,77.9,-73.04,73.04,73.04,0,"	1832,1833" 
2024-10-28T19:55:00Z,"BIL",2024-10-29T19:55:00Z,Buy,86.03426776,86.04364377,7735,72.52,77.35,-72.52,145.05,72.52,1,"	1834,1835" 
2024-10-29T19:55:00Z,"BIL",2024-10-30T19:55:00Z,Buy,86.05301978,86.05301978,7718,0,77.18,-72.36,72.36,72.36,0,"	1836,1838" 
2024-10-30T19:55:00Z,"GOOGL",2024-11-01T19:55:00Z,Buy,173.776535586,170.763931725,6877,-20717.68,68.77,-38084.97,13333.16,51418.13,0,"	1839,1840" 
2024-11-01T19:55:00Z,"AMZN",2024-11-05T20:55:00Z,Buy,198.14,199.03,5928,5275.92,59.28,-22230,9870.12,22230,1,"	1841,1842" 
2024-11-05T20:55:00Z,"BIL",2024-11-06T20:55:00Z,Buy,86.136276572,86.136276572,7408,0,74.08,-69.73,69.73,69.73,0,"	1844,1845" 
2024-11-05T20:55:00Z,"TSLA",2024-11-07T20:55:00Z,Buy,251.6,297.27,446,20368.82,12.99,-303.28,21425.84,5409.98,1,"	1843,1848" 
2024-11-05T20:55:00Z,"TSLA",2024-11-18T20:55:00Z,Buy,251.6,338.96,211,18432.96,1.055,-143.48,22441.96,10273.59,1,"	1843,1863" 
2024-11-05T20:55:00Z,"TSLA",2024-11-22T20:55:00Z,Buy,251.6,352.42,1495,150725.9,7.475,-1016.6,159008.2,72791.55,1,"	1843,1871" 
2024-11-06T20:55:00Z,"BIL",2024-11-07T20:55:00Z,Buy,86.145689344,86.145689344,7961,0,79.61,-37.47,74.94,74.94,0,"	1846,1847" 
2024-11-07T20:55:00Z,"BIL",2024-11-08T20:55:00Z,Buy,86.155102116,86.183340432,8940,252.45,89.4,-42.08,336.6,84.15,1,"	1849,1850" 
2024-11-08T20:55:00Z,"BIL",2024-11-11T20:55:00Z,Buy,86.192753204,86.192753204,9217,0,92.17,0,86.76,86.76,0,"	1851,1852" 
2024-11-11T20:55:00Z,"BIL",2024-11-12T20:55:00Z,Buy,86.202165976,86.202165976,9247,0,92.47,-87.04,78.34,87.04,0,"	1853,1854" 
2024-11-12T20:55:00Z,"BIL",2024-11-13T20:55:00Z,Buy,86.211578748,86.211578748,9198,0,91.98,-86.58,86.58,86.58,0,"	1855,1856" 
2024-11-13T20:55:00Z,"BIL",2024-11-14T20:55:00Z,Buy,86.22099152,86.22099152,9455,0,94.55,-44.5,89,89,0,"	1857,1858" 
2024-11-14T20:55:00Z,"BIL",2024-11-15T20:55:00Z,Buy,86.230404292,86.249229836,9234,173.84,92.34,-86.92,260.75,86.92,1,"	1859,1860" 
2024-11-15T20:55:00Z,"BIL",2024-11-18T20:55:00Z,Buy,86.258642608,86.26805538,9551,89.9,95.51,-89.9,134.85,89.9,1,"	1861,1862" 
2024-11-18T20:55:00Z,"BIL",2024-11-19T20:55:00Z,Buy,86.277468152,86.277468152,9754,0,97.54,-183.62,91.81,183.62,0,"	1864,1865" 
2024-11-19T20:55:00Z,"BIL",2024-11-20T20:55:00Z,Buy,86.286880924,86.286880924,9829,0,98.29,-92.52,92.52,92.52,0,"	1866,1867" 
2024-11-20T20:55:00Z,"BIL",2024-11-21T20:55:00Z,Buy,86.296293696,86.296293696,9763,0,97.63,-45.95,91.9,91.9,0,"	1868,1869" 
2024-11-21T20:55:00Z,"BIL",2024-11-22T20:55:00Z,Buy,86.305706468,86.324532012,9717,182.93,97.17,-91.46,228.66,91.46,1,"	1870,1872" 
2024-11-22T20:55:00Z,"NVDA",2024-11-25T20:55:00Z,Buy,141.74379048,135.99606978,9653,-55482.75,96.53,-55772.22,2750.01,58522.24,0,"	1873,1874" 
2024-11-25T20:55:00Z,"TSLA",2024-11-26T20:55:00Z,Buy,342.45,337.75,1935,-9094.5,19.35,-12229.2,8223.75,20452.95,0,"	1875,1877" 
2024-11-25T20:55:00Z,"BIL",2024-11-26T20:55:00Z,Buy,86.343357556,86.343357556,7529,0,75.29,-35.43,70.87,70.87,0,"	1876,1878" 
2024-11-26T20:55:00Z,"AAPL",2024-11-27T20:55:00Z,Buy,233.68346232,233.61384263,5578,-388.34,55.78,-6379.85,3328.62,8487.97,0,"	1879,1880" 
2024-11-27T20:55:00Z,"BIL",2024-11-29T17:55:00Z,Buy,86.371595872,86.390421416,7545,142.04,75.45,0,213.06,71.02,1,"	1882,1883" 
2024-11-27T20:55:00Z,"TSLA",2024-12-02T20:55:00Z,Buy,332.85,356.66,1957,46596.17,19.57,-508.82,53083.62,11918.13,1,"	1881,1885" 
2024-11-29T17:55:00Z,"BIL",2024-12-02T20:55:00Z,Buy,86.399834188,86.40418266,7685,33.42,76.85,-72.34,106.02,72.6,1,"	1884,1886" 
2024-12-02T20:55:00Z,"META",2024-12-05T20:55:00Z,Buy,589.278475332,605.360925108,2290,36828.81,22.9,0,61829.56,27986.25,1,"	1887,1888" 
2024-12-05T20:55:00Z,"AMZN",2024-12-10T20:55:00Z,Buy,220.66,225.02,6283,27393.88,62.83,-3015.84,58808.88,35938.76,1,"	1889,1890" 
2024-12-10T20:55:00Z,"BIL",2024-12-11T20:55:00Z,Buy,86.51754918,86.51754918,5343,0,53.43,-25.24,50.48,50.48,0,"	1892,1893" 
2024-12-10T20:55:00Z,"TSLA",2024-12-19T20:55:00Z,Buy,402.16,433.74,678,21411.24,15.215,-969.54,58145.28,45690.42,1,"	1891,1907" 
2024-12-10T20:55:00Z,"TSLA",2024-12-30T20:55:00Z,Buy,402.16,419.01,1687,28425.95,12.05,-2412.41,144677.12,121278.43,1,"	1891,1919" 
2024-12-11T20:55:00Z,"BIL",2024-12-12T20:55:00Z,Buy,86.52699639,86.5364436,4040,38.17,40.4,-19.08,76.33,38.17,1,"	1895,1896" 
2024-12-11T20:55:00Z,"TSLA",2024-12-30T20:55:00Z,Buy,423.23,419.01,266,-1122.52,1.33,-5985,17207.54,19122.74,0,"	1894,1919" 
2024-12-12T20:55:00Z,"BIL",2024-12-13T20:55:00Z,Buy,86.54589081,86.56478523,3120,58.95,31.2,-14.74,88.43,29.48,1,"	1898,1899" 
2024-12-12T20:55:00Z,"TSLA",2024-12-30T20:55:00Z,Buy,419.67,419.01,190,-125.4,1,-3598.6,12967.5,13659.1,0,"	1897,1919" 
2024-12-13T20:55:00Z,"BIL",2024-12-16T20:55:00Z,Buy,86.57423244,86.57423244,3480,0,34.8,-16.44,32.88,32.88,0,"	1900,1901" 
2024-12-16T20:55:00Z,"TSLA",2024-12-30T20:55:00Z,Buy,460.46,419.01,267,-11067.15,1.335,-15947.91,7331.82,19194.63,0,"	1902,1919" 
2024-12-17T20:55:00Z,"BIL",2024-12-18T20:55:00Z,Buy,86.59312686,86.59312686,2640,0,26.4,-24.94,24.94,24.94,0,"	1903,1904" 
2024-12-18T20:55:00Z,"BIL",2024-12-19T20:55:00Z,Buy,86.60257407,86.60527107,1957,5.28,19.57,-18.49,23.84,18.57,1,"	1905,1906" 
2024-12-19T20:55:00Z,"BIL",2024-12-20T20:55:00Z,Buy,86.6147579,86.63373156,5089,96.56,50.89,-48.28,144.84,48.28,1,"	1908,1909" 
2024-12-20T20:55:00Z,"BIL",2024-12-23T20:55:00Z,Buy,86.64321839,86.64321839,5000,0,50,-23.72,47.43,47.43,0,"	1910,1911" 
2024-12-23T20:55:00Z,"BIL",2024-12-24T17:55:00Z,Buy,86.65270522,86.66219205,5440,51.61,54.4,-51.61,103.22,51.61,1,"	1912,1913" 
2024-12-24T17:55:00Z,"BIL",2024-12-26T20:55:00Z,Buy,86.67167888,86.67167888,5573,0,55.73,-52.87,52.87,52.87,0,"	1914,1915" 
2024-12-26T20:55:00Z,"BIL",2024-12-27T20:55:00Z,Buy,86.68116571,86.7096262,5686,161.83,56.86,-26.97,215.77,53.94,1,"	1916,1917" 
2024-12-27T20:55:00Z,"BIL",2024-12-30T20:55:00Z,Buy,86.71911303,86.71911303,5638,0,56.38,-53.49,53.49,53.49,0,"	1918,1920" 
2024-12-30T20:55:00Z,"NVDA",2025-01-08T20:55:00Z,Buy,138.424637228,139.994122896,854,1340.34,56.675,-3901.5,11717.31,12058.8,1,"	1921,1922" 
2024-12-30T20:55:00Z,"NVDA",2025-01-10T20:55:00Z,Buy,138.424637228,135.985436572,9627,-23482.18,48.135,-43980.98,132087.29,172026.25,0,"	1921,1923" 
2025-01-10T20:55:00Z,"META",2025-01-16T20:55:00Z,Buy,615.082208445,610.231669452,2323,-11267.8,23.23,-65940.94,10249.77,65940.94,0,"	1924,1925" 
2025-01-16T20:55:00Z,"BIL",2025-01-17T20:55:00Z,Buy,86.88987597,86.91833646,7488,213.11,74.88,-71.04,284.15,71.04,1,"	1927,1928" 
2025-01-16T20:55:00Z,"TSLA",2025-01-24T20:55:00Z,Buy,413.77,406.74,1853,-13026.59,19.78,-14508.99,47751.81,62260.8,0,"	1926,1937" 
2025-01-17T20:55:00Z,"BIL",2025-01-21T20:55:00Z,Buy,86.92782329,86.92782329,7305,0,73.05,-69.3,69.3,69.3,0,"	1929,1930" 
2025-01-21T20:55:00Z,"BIL",2025-01-22T20:55:00Z,Buy,86.93731012,86.93731012,7183,0,71.83,-68.14,68.14,68.14,0,"	1931,1932" 
2025-01-22T20:55:00Z,"BIL",2025-01-23T20:55:00Z,Buy,86.94679695,86.94679695,6287,0,62.87,-29.82,59.64,59.64,0,"	1934,1935" 
2025-01-22T20:55:00Z,"TSLA",2025-01-24T20:55:00Z,Buy,415.99,406.74,250,-2312.5,1.25,-2512.5,5887.5,3642.5,0,"	1933,1937" 
2025-01-23T20:55:00Z,"BIL",2025-01-24T20:55:00Z,Buy,86.95628378,86.97525744,6292,119.38,62.92,-59.69,179.07,59.69,1,"	1936,1938" 
2025-01-24T20:55:00Z,"NVDA",2025-01-27T20:55:00Z,Buy,142.373343208,118.251248196,8717,-210272.3,87.17,-223212.81,2788.53,226001.33,0,"	1939,1941" 
2025-01-24T20:55:00Z,"BIL",2025-01-27T20:55:00Z,Buy,86.98474427,86.98474427,1851,0,18.51,-8.78,17.56,17.56,0,"	1940,1942" 
2025-01-27T20:55:00Z,"META",2025-02-13T20:55:00Z,Buy,653.717199726,725.280079941,1824,130530.69,18.24,0,130748.7,58352.76,1,"	1943,1944" 
2025-02-13T20:55:00Z,"BIL",2025-02-14T20:55:00Z,Buy,87.161450045,87.190011962,7648,218.44,76.48,-36.41,291.26,72.81,1,"	1946,1947" 
2025-02-13T20:55:00Z,"NVDA",2025-02-24T20:55:00Z,Buy,135.145711756,130.85711716,4852,-20808.26,48.52,-21050.78,39433.84,60484.62,0,"	1945,1957" 
2025-02-14T20:55:00Z,"BIL",2025-02-18T20:55:00Z,Buy,87.199532601,87.199532601,7743,0,77.43,-73.72,73.72,73.72,0,"	1948,1949" 
2025-02-18T20:55:00Z,"BIL",2025-02-19T20:55:00Z,Buy,87.20905324,87.20905324,7742,0,77.42,0,73.71,73.71,0,"	1950,1951" 
2025-02-19T20:55:00Z,"BIL",2025-02-20T20:55:00Z,Buy,87.218573879,87.228094518,7690,73.21,76.9,0,146.43,73.21,1,"	1952,1953" 
2025-02-20T20:55:00Z,"BIL",2025-02-21T20:55:00Z,Buy,87.237615157,87.256656435,7683,146.29,76.83,-73.15,219.44,73.15,1,"	1954,1955" 
2025-02-21T20:55:00Z,"BIL",2025-02-24T20:55:00Z,Buy,87.266177074,87.266177074,7388,0,73.88,-70.34,70.34,70.34,0,"	1956,1958" 
2025-02-24T20:55:00Z,"AAPL",2025-02-28T20:55:00Z,Buy,246.216885045,240.003963525,5286,-32841.5,52.86,-62919.9,12947.13,75867.03,0,"	1959,1960" 
2025-02-28T20:55:00Z,"UUP",2025-03-05T20:55:00Z,Buy,28.419553956,27.549271596,44654,-38861.59,446.54,-38861.59,0,38861.59,0,"	1961,1962" 
2025-03-05T20:55:00Z,"AAPL",2025-03-06T20:55:00Z,Buy,234.99579121,234.627396825,5232,-1927.44,52.32,-13075.33,9428.83,22504.16,0,"	1963,1964" 
2025-03-06T20:55:00Z,"UUP",2025-03-07T20:55:00Z,Buy,27.529931988,27.442903752,44593,-3880.85,445.93,-7330.49,431.21,7761.7,0,"	1965,1966" 
2025-03-07T20:55:00Z,"GOOGL",2025-03-10T19:55:00Z,Buy,173.388412458,164.96797653,7056,-59414.6,70.56,-70805.82,456.53,71262.35,0,"	1967,1968" 
2025-03-10T19:55:00Z,"UUP",2025-03-11T19:55:00Z,Buy,27.491252772,27.307526496,42333,-7777.68,423.33,-8391.71,0,8391.71,0,"	1969,1970" 
2025-03-11T19:55:00Z,"BIL",2025-03-20T19:55:00Z,Buy,87.418170351,87.504127254,13221,1136.44,132.21,-63.14,1199.57,126.27,1,"	1971,1972" 
2025-03-20T19:55:00Z,"BIL",2025-03-21T19:55:00Z,Buy,87.513678021,87.532779555,5323,101.68,53.23,-50.84,152.52,50.84,1,"	1974,1975" 
2025-03-20T19:55:00Z,"NVDA",2025-03-24T19:55:00Z,Buy,118.37210496,121.751308632,5837,19724.41,58.37,-16631.53,22000.31,18440.57,1,"	1973,1977" 
2025-03-21T19:55:00Z,"BIL",2025-03-24T19:55:00Z,Buy,87.542330322,87.542330322,5292,0,52.92,-25.27,50.54,50.54,0,"	1976,1978" 
2025-03-24T19:55:00Z,"BIL",2025-03-25T19:55:00Z,Buy,87.551881089,87.551881089,7143,0,71.43,-68.22,68.22,68.22,0,"	1980,1981" 
2025-03-24T19:55:00Z,"TSLA",2025-03-25T19:55:00Z,Buy,277.5,287.53,268,2688.04,11.265,-1555.74,2717.52,2410.66,1,"	1979,1982" 
2025-03-24T19:55:00Z,"TSLA",2025-04-04T19:55:00Z,Buy,277.5,240.42,1717,-63666.36,8.585,-69950.58,24055.17,94005.75,0,"	1979,1998" 
2025-03-25T19:55:00Z,"BIL",2025-03-26T19:55:00Z,Buy,87.561431856,87.561431856,8022,0,80.22,-76.62,76.62,76.62,0,"	1983,1984" 
2025-03-26T19:55:00Z,"BIL",2025-03-27T19:55:00Z,Buy,87.570982623,87.570982623,7643,0,76.43,-73,73,73,0,"	1985,1986" 
2025-03-27T19:55:00Z,"BIL",2025-03-28T19:55:00Z,Buy,87.58053339,87.599634924,7722,147.5,77.22,-36.88,221.25,73.75,1,"	1987,1988" 
2025-03-28T19:55:00Z,"BIL",2025-03-31T19:55:00Z,Buy,87.609185691,87.609185691,7581,0,75.81,-36.2,72.4,72.4,0,"	1989,1990" 
2025-03-31T19:55:00Z,"BIL",2025-04-01T19:55:00Z,Buy,87.618736458,87.620091132,7501,10.16,75.01,-71.64,82.05,71.89,1,"	1991,1992" 
2025-04-01T19:55:00Z,"BIL",2025-04-02T19:55:00Z,Buy,87.629675478,87.629675478,7615,0,76.15,-36.49,72.98,72.98,0,"	1993,1994" 
2025-04-02T19:55:00Z,"BIL",2025-04-03T19:55:00Z,Buy,87.639259824,87.639259824,7726,0,77.26,-37.02,74.05,74.05,0,"	1995,1996" 
2025-04-03T19:55:00Z,"BIL",2025-05-02T19:55:00Z,Buy,87.64884417,87.94759303,7641,2282.74,101.805,0,2356.22,109.85,1,"	1997,2000" 
2025-04-04T19:55:00Z,"BIL",2025-05-02T19:55:00Z,Buy,87.687181554,87.94759303,5079,1322.63,25.395,-194.72,1371.47,73.02,1,"	1999,2000" 
2025-05-02T19:55:00Z,"TSLA",2025-05-05T19:55:00Z,Buy,287.22,279.76,1410,-10518.6,14.1,-17610.9,352.5,17963.4,0,"	2001,2003" 
2025-05-02T19:55:00Z,"BIL",2025-05-05T19:55:00Z,Buy,87.957210044,87.957210044,8113,0,81.13,-39.01,78.02,78.02,0,"	2002,2004" 
2025-05-05T19:55:00Z,"BIL",2025-05-06T19:55:00Z,Buy,87.966827058,87.966827058,5478,0,54.78,-52.68,52.68,52.68,0,"	2006,2007" 
2025-05-05T19:55:00Z,"META",2025-05-07T19:55:00Z,Buy,596.7084473,594.8542319,1049,-1945.07,10.49,-12465.19,3586.88,13197.21,0,"	2005,2009" 
2025-05-06T19:55:00Z,"BIL",2025-05-07T19:55:00Z,Buy,87.976444072,87.976444072,5096,0,50.96,-24.5,49.01,49.01,0,"	2008,2010" 
2025-05-07T19:55:00Z,"BIL",2025-05-08T19:55:00Z,Buy,87.986061086,87.986061086,2534,0,25.34,-24.37,24.37,24.37,0,"	2012,2013" 
2025-05-07T19:55:00Z,"MSFT",2025-05-09T19:55:00Z,Buy,430.275951925,435.813557875,2052,11363.17,20.52,-448.01,20404.83,15150.89,1,"	2011,2015" 
2025-05-08T19:55:00Z,"BIL",2025-05-09T19:55:00Z,Buy,87.9956781,88.014912128,2487,47.84,24.87,-11.96,71.75,23.92,1,"	2014,2016" 
2025-05-09T19:55:00Z,"BIL",2025-05-12T19:55:00Z,Buy,88.024529142,88.024529142,4545,0,45.45,0,43.71,43.71,0,"	2018,2019" 
2025-05-09T19:55:00Z,"TSLA",2025-05-13T19:55:00Z,Buy,299.16,333.65,2397,82672.53,23.97,-2588.76,91014.09,14813.46,1,"	2017,2021" 
2025-05-12T19:55:00Z,"BIL",2025-05-13T19:55:00Z,Buy,88.034146156,88.034146156,4035,0,40.35,-38.8,38.8,38.8,0,"	2020,2022" 
2025-05-13T19:55:00Z,"BIL",2025-05-14T19:55:00Z,Buy,88.04376317,88.04376317,2158,0,21.58,-10.38,20.75,20.75,0,"	2024,2025" 
2025-05-13T19:55:00Z,"NVDA",2025-05-14T19:55:00Z,Buy,129.999364932,134.91820578,506,2488.93,41.36,-50.59,2691.29,1497.41,1,"	2023,2026" 
2025-05-13T19:55:00Z,"NVDA",2025-05-16T19:55:00Z,Buy,129.999364932,135.098163372,7260,37017.28,36.3,-725.83,45364.31,21484.54,1,"	2023,2030" 
2025-05-14T19:55:00Z,"BIL",2025-05-15T19:55:00Z,Buy,88.053380184,88.053380184,2931,0,29.31,-28.19,28.19,28.19,0,"	2027,2028" 
2025-05-15T19:55:00Z,"BIL",2025-05-16T19:55:00Z,Buy,88.062997198,88.082231226,3191,61.38,31.91,-30.69,92.06,30.69,1,"	2029,2031" 
2025-05-16T19:55:00Z,"BIL",2025-05-19T19:55:00Z,Buy,88.09184824,88.09184824,4516,0,45.16,-21.72,43.43,43.43,0,"	2033,2034" 
2025-05-16T19:55:00Z,"TSLA",2025-05-28T19:55:00Z,Buy,349.15,356.63,294,2199.12,13.515,-5015.64,4521.72,6579.72,1,"	2032,2047" 
2025-05-16T19:55:00Z,"TSLA",2025-05-29T19:55:00Z,Buy,349.15,358.34,2115,19436.85,14.43,-36081.9,36420.3,47333.7,1,"	2032,2049" 
2025-05-19T19:55:00Z,"BIL",2025-05-20T19:55:00Z,Buy,88.101465254,88.101465254,4383,0,43.83,-42.15,42.15,42.15,0,"	2035,2036" 
2025-05-20T19:55:00Z,"BIL",2025-05-21T19:55:00Z,Buy,88.111082268,88.120699282,3569,34.32,35.69,0,68.65,34.32,1,"	2038,2039" 
2025-05-20T19:55:00Z,"TSLA",2025-05-29T19:55:00Z,Buy,344.06,358.34,242,3455.76,1.21,-2896.74,5399.02,3622.74,1,"	2037,2049" 
2025-05-21T19:55:00Z,"BIL",2025-05-22T19:55:00Z,Buy,88.130316296,88.130316296,3393,0,33.93,-32.63,16.32,32.63,0,"	2040,2041" 
2025-05-22T19:55:00Z,"BIL",2025-05-23T19:55:00Z,Buy,88.13993331,88.168784352,3593,103.66,35.93,-17.28,138.22,34.55,1,"	2042,2043" 
2025-05-23T19:55:00Z,"BIL",2025-05-27T19:55:00Z,Buy,88.178401366,88.178401366,3479,0,34.79,-16.73,33.46,33.46,0,"	2044,2045" 
2025-05-27T19:55:00Z,"TSLA",2025-05-29T19:55:00Z,Buy,362.07,358.34,529,-1973.17,2.645,-15859.42,2274.7,5332.32,0,"	2046,2049" 
2025-05-28T19:55:00Z,"BIL",2025-05-29T19:55:00Z,Buy,88.197635394,88.197635394,2579,0,25.79,-24.8,12.4,24.8,0,"	2048,2050" 
2025-05-29T19:55:00Z,"NVDA",2025-05-30T19:55:00Z,Buy,139.077225684,134.7182529,9072,-39544.6,90.72,-55144.76,3446.55,58591.31,0,"	2051,2052" 
2025-05-30T19:55:00Z,"TSLA",2025-06-02T19:55:00Z,Buy,347.33,341.77,2988,-16613.28,29.88,-40875.84,1195.2,42071.04,0,"	2053,2055" 
2025-05-30T19:55:00Z,"BIL",2025-06-02T19:55:00Z,Buy,88.23610345,88.242315768,2090,12.98,20.9,-20.1,23.07,20.1,1,"	2054,2056" 
2025-06-02T19:55:00Z,"META",2025-06-03T19:55:00Z,Buy,668.7337498,664.5667496,1803,-7513.1,18.03,-9885.66,6794.14,16679.8,0,"	2057,2058" 
2025-06-03T19:55:00Z,"GOOGL",2025-06-04T19:55:00Z,Buy,165.755246685,167.47926867,7228,12461.23,72.28,-1080.45,12461.23,10660.47,1,"	2059,2060" 
2025-06-04T19:55:00Z,"META",2025-06-10T19:55:00Z,Buy,683.069028,698.81989,1772,27910.53,17.72,-3956.94,34623.19,22204.77,1,"	2061,2062" 
2025-06-10T19:55:00Z,"GOOGL",2025-06-11T19:55:00Z,Buy,178.168378213,176.911212079,6950,-8737.3,69.5,-11511.05,8771.98,20283.03,0,"	2063,2064" 
2025-06-11T19:55:00Z,"META",2025-06-18T19:55:00Z,Buy,690.944459,693.70084181,1780,4906.36,17.8,-21169.36,24813.41,24807.01,1,"	2065,2066" 
2025-06-18T19:55:00Z,"BIL",2025-06-20T19:55:00Z,Buy,88.416021114,88.435321708,5899,113.85,58.99,0,170.78,56.93,1,"	2068,2069" 
2025-06-18T19:55:00Z,"TSLA",2025-06-24T19:55:00Z,Buy,322.78,341.76,206,3909.88,12.07,-939.36,7132.75,3418.57,1,"	2067,2074" 
2025-06-18T19:55:00Z,"TSLA",2025-06-25T19:55:00Z,Buy,322.78,327.28,2002,9009,10.01,-9129.12,69319.25,73403.33,1,"	2067,2076" 
2025-06-20T19:55:00Z,"BIL",2025-06-23T19:55:00Z,Buy,88.444972005,88.444972005,5923,0,59.23,-57.16,57.16,57.16,0,"	2070,2071" 
2025-06-23T19:55:00Z,"BIL",2025-06-24T19:55:00Z,Buy,88.454622302,88.454622302,6140,0,61.4,0,59.25,59.25,0,"	2072,2073" 
2025-06-24T19:55:00Z,"BIL",2025-06-25T19:55:00Z,Buy,88.464272599,88.464272599,6689,0,66.89,-64.55,64.55,64.55,0,"	2075,2077" 
2025-06-25T19:55:00Z,"NVDA",2025-07-18T19:55:00Z,Buy,154.014398552,172.331353768,8097,148312.39,80.97,-18862.87,162155.96,56345.75,1,"	2078,2079" 
2025-07-18T19:55:00Z,"BIL",2025-07-21T19:55:00Z,Buy,88.731722124,88.741404765,4230,40.96,42.3,-20.48,81.92,40.96,1,"	2081,2082" 
2025-07-18T19:55:00Z,"TSLA",2025-07-24T19:55:00Z,Buy,329.45,305.71,3095,-73475.3,33.325,-89136,25394.48,114530.48,0,"	2080,2089" 
2025-07-21T19:55:00Z,"BIL",2025-07-22T19:55:00Z,Buy,88.751087406,88.751087406,4374,0,43.74,-42.35,42.35,42.35,0,"	2083,2084" 
2025-07-22T19:55:00Z,"BIL",2025-07-23T19:55:00Z,Buy,88.760770047,88.760770047,4428,0,44.28,-42.87,21.44,42.87,0,"	2085,2086" 
2025-07-23T19:55:00Z,"TSLA",2025-07-24T19:55:00Z,Buy,332.59,305.71,475,-12768,2.375,-15171.5,2405.88,15261.75,0,"	2087,2089" 
2025-07-23T19:55:00Z,"BIL",2025-07-24T19:55:00Z,Buy,88.770452688,88.770452688,2448,0,24.48,-23.7,11.85,23.7,0,"	2088,2090" 
2025-07-24T19:55:00Z,"GOOGL",2025-07-31T19:55:00Z,Buy,191.957295651,190.750017062,6818,-8231.23,68.18,-10204,34829.65,43060.87,0,"	2091,2092" 
2025-07-31T19:55:00Z,"META",2025-08-01T19:55:00Z,Buy,769.25340642,748.20284372,103,-2168.21,9.455,-2626,244.57,2870.56,0,"	2093,2094" 
2025-07-31T19:55:00Z,"META",2025-08-05T19:55:00Z,Buy,769.25340642,762.98812046,107,-670.39,1,-2727.98,1248.97,2982.04,0,"	2093,2095" 
2025-07-31T19:55:00Z,"META",2025-08-08T19:55:00Z,Buy,769.25340642,767.21818614,1481,-3014.16,7.405,-37758.28,17287.1,41274.8,0,"	2093,2101" 
2025-08-05T19:55:00Z,"BIL",2025-08-06T19:55:00Z,Buy,88.895846795,88.90556325,1776,17.26,17.76,-17.26,34.51,17.26,1,"	2096,2097" 
2025-08-06T19:55:00Z,"BIL",2025-08-07T19:55:00Z,Buy,88.915279705,88.915279705,1946,0,19.46,-9.45,18.91,18.91,0,"	2098,2099" 
2025-08-07T19:55:00Z,"BIL",2025-08-08T19:55:00Z,Buy,88.92499616,88.94442907,1881,36.55,18.81,-18.28,54.83,18.28,1,"	2100,2102" 
2025-08-08T19:55:00Z,"AAPL",2025-08-11T19:55:00Z,Buy,228.863537916,226.358554704,5657,-14170.69,56.57,-23825.76,1074.15,23825.76,0,"	2103,2104" 
2025-08-11T19:55:00Z,"TSLA",2025-08-12T19:55:00Z,Buy,340.12,341.83,3385,5788.35,33.85,-23356.5,11272.05,34628.55,1,"	2105,2107" 
2025-08-11T19:55:00Z,"BIL",2025-08-12T19:55:00Z,Buy,88.96386198,88.96386198,1452,0,14.52,-14.11,14.11,14.11,0,"	2106,2108" 
2025-08-12T19:55:00Z,"META",2025-08-13T19:55:00Z,Buy,788.3485614,777.89311604,1420,-14846.73,14.2,-16759.24,3116.68,19875.92,0,"	2109,2111" 
2025-08-12T19:55:00Z,"BIL",2025-08-13T19:55:00Z,Buy,88.973578435,88.973578435,1874,0,18.74,-18.21,18.21,18.21,0,"	2110,2112" 
2025-08-13T19:55:00Z,"TSLA",2025-08-14T19:55:00Z,Buy,340.87,334.5,3352,-21352.24,33.52,-34156.88,0,34156.88,0,"	2113,2115" 
2025-08-13T19:55:00Z,"BIL",2025-08-14T19:55:00Z,Buy,88.98329489,88.98329489,1446,0,14.46,-14.05,14.05,14.05,0,"	2114,2116" 
2025-08-14T19:55:00Z,"AAPL",2025-08-15T19:55:00Z,Buy,232.886113008,230.989727568,5368,-10179.8,53.68,-16555.56,1875.23,18430.79,0,"	2117,2118" 
2025-08-15T19:55:00Z,"AMZN",2025-08-19T19:55:00Z,Buy,230.99,227.59,5367,-18247.8,53.67,-20501.94,4561.95,25063.89,0,"	2119,2120" 
2025-08-19T19:55:00Z,"AAPL",2025-08-22T19:55:00Z,Buy,229.8119724,227.206937664,5316,-13848.36,53.16,-34063.79,1644.82,35708.62,0,"	2121,2122" 
2025-08-22T19:55:00Z,"GOOGL",2025-08-27T19:55:00Z,Buy,205.347112729,207.342614529,5881,11735.55,58.81,-1408.27,27285.14,26757.05,1,"	2123,2124" 
2025-08-27T19:55:00Z,"TSLA",2025-08-29T19:55:00Z,Buy,349.51,333.19,3489,-56940.48,34.89,-61999.53,11269.47,73269,0,"	2125,2126" 
2025-08-29T19:55:00Z,"GOOGL",2025-09-12T19:55:00Z,Buy,212.151773867,240.523238805,5479,155447.26,54.79,-34385.4,162888.59,36298.74,1,"	2127,2128" 
2025-09-12T19:55:00Z,"TSLA",2025-09-15T19:55:00Z,Buy,396.26,410.99,414,6098.22,18.695,-637.56,11848.68,9041.76,1,"	2129,2130" 
2025-09-12T19:55:00Z,"TSLA",2025-09-25T19:55:00Z,Buy,396.26,423.39,186,5046.18,1,-286.44,8976.36,4688.13,1,"	2129,2142" 
2025-09-12T19:55:00Z,"TSLA",2025-09-26T19:55:00Z,Buy,396.26,439.76,251,10918.5,1.255,-386.54,12113.26,6326.46,1,"	2129,2143" 
2025-09-12T19:55:00Z,"TSLA",2025-09-30T19:55:00Z,Buy,396.26,444.72,2474,119890.04,13.935,-3809.96,132928.02,62357.17,1,"	2129,2147" 
2025-09-15T19:55:00Z,"BIL",2025-09-16T19:55:00Z,Buy,89.325860387,89.335611054,1899,18.52,18.99,-9.26,27.77,9.26,1,"	2131,2132" 
2025-09-16T19:55:00Z,"BIL",2025-09-17T19:55:00Z,Buy,89.345361721,89.345361721,1956,0,19.56,-19.07,19.07,19.07,0,"	2133,2134" 
2025-09-17T19:55:00Z,"BIL",2025-09-18T19:55:00Z,Buy,89.355112388,89.355112388,2088,0,20.88,-20.36,20.36,20.36,0,"	2135,2136" 
2025-09-18T19:55:00Z,"BIL",2025-09-19T19:55:00Z,Buy,89.364863055,89.384364389,1679,32.74,16.79,-16.37,49.11,16.37,1,"	2137,2138" 
2025-09-19T19:55:00Z,"BIL",2025-09-22T19:55:00Z,Buy,89.394115056,89.394115056,1837,0,18.37,-8.96,17.91,17.91,0,"	2139,2140" 
2025-09-23T19:55:00Z,"TSLA",2025-09-30T19:55:00Z,Buy,428.93,444.72,313,4942.27,1.565,-10707.73,6591.78,7729.54,1,"	2141,2147" 
2025-09-26T19:55:00Z,"BIL",2025-09-29T19:55:00Z,Buy,89.452619058,89.452619058,2507,0,25.07,-12.22,24.44,24.44,0,"	2144,2145" 
2025-09-29T19:55:00Z,"BIL",2025-09-30T19:55:00Z,Buy,89.462369725,89.462369725,2659,0,26.59,-12.96,25.93,25.93,0,"	2146,2148" 
2025-09-30T19:55:00Z,"NVDA",2025-10-02T19:55:00Z,Buy,186.689499242,189.089235722,7841,18816.33,78.41,-20697.97,33046.19,20697.97,1,"	2149,2150" 
2025-10-02T19:55:00Z,"TSLA",2025-10-03T19:55:00Z,Buy,436.28,428.6,3083,-23677.44,30.83,-60087.67,30336.72,90424.39,0,"	2151,2152" 
2025-10-03T19:55:00Z,"NVDA",2025-10-06T19:55:00Z,Buy,187.92936309,185.689609042,7763,-17387.21,77.63,-32601.02,0,32601.02,0,"	2153,2154" 
2025-10-06T19:55:00Z,"TSLA",2025-10-07T19:55:00Z,Buy,453.34,434.26,2543,-48520.44,25.43,-51521.18,0,51521.18,0,"	2155,2157" 
2025-10-06T19:55:00Z,"BIL",2025-10-07T19:55:00Z,Buy,89.531352478,89.531352478,3225,0,32.25,-31.55,31.55,31.55,0,"	2156,2158" 
2025-10-07T19:55:00Z,"NVDA",2025-10-14T19:55:00Z,Buy,185.369644178,180.290201962,7515,-38172.01,75.15,-39148.85,76043.45,115192.3,0,"	2159,2160" 
2025-10-14T19:55:00Z,"GOOGL",2025-10-20T19:55:00Z,Buy,244.717540665,256.161992883,5537,63367.93,55.37,0,67404.46,48272.43,1,"	2161,2162" 
2025-10-20T19:55:00Z,"AAPL",2025-10-22T19:55:00Z,Buy,262.34995416,257.978286672,5405,-23628.86,54.05,-39624.2,12731.53,52355.73,0,"	2163,2164" 
2025-10-22T19:55:00Z,"GOOGL",2025-10-28T19:55:00Z,Buy,251.168776383,267.117109884,5552,88545.15,55.52,0,104845.88,21512.53,1,"	2165,2166" 
2025-10-28T19:55:00Z,"NVDA",2025-10-30T19:55:00Z,Buy,201.507872006,202.357778676,7358,6253.61,73.58,-4193.6,76956.23,76220.51,1,"	2167,2168" 
2025-10-30T19:55:00Z,"GOOGL",2025-10-31T19:55:00Z,Buy,280.91836029,280.578821568,5301,-1799.89,53.01,-22604.56,23186.88,45791.44,0,"	2169,2170" 
2025-10-31T19:55:00Z,"AMZN",2025-11-03T20:55:00Z,Buy,244.55,253.42,502,4452.74,32.91,-165.66,6937.64,2484.9,1,"	2171,2172" 
2025-10-31T19:55:00Z,"AMZN",2025-11-05T20:55:00Z,Buy,244.55,250.01,5578,30455.88,27.89,-1840.74,77087.96,66378.2,1,"	2171,2175" 
2025-11-04T20:55:00Z,"BIL",2025-11-05T20:55:00Z,Buy,89.7988263,89.808642525,1937,19.01,19.37,0,19.01,0,1,"	2173,2174" 
2025-11-05T20:55:00Z,"GOOGL",2025-11-10T20:55:00Z,Buy,284.203896747,289.926122856,5355,30642.52,53.55,-49894.37,32728.14,68344.05,1,"	2176,2177" 
2025-11-10T20:55:00Z,"UUP",2025-11-11T20:55:00Z,Buy,27.249507672,27.201158652,56969,-2754.4,569.69,-4902.82,0,4902.82,0,"	2178,2179" 
2025-11-11T20:55:00Z,"GOOGL",2025-11-12T20:55:00Z,Buy,291.074562651,286.370952708,5322,-25032.61,53.22,-40604.92,425.18,41030.1,0,"	2180,2181" 
2025-11-12T20:55:00Z,"AMZN",2025-11-13T20:55:00Z,Buy,244.52,237.04,5886,-44027.28,58.86,-44027.28,0,44027.28,0,"	2182,2183" 
2025-11-13T20:55:00Z,"GOOGL",2025-11-14T20:55:00Z,Buy,277.32324441,275.82527946,5337,-7994.64,53.37,-34909.92,4636.89,39546.81,0,"	2184,2185" 
2025-11-14T20:55:00Z,"AAPL",2025-11-17T20:55:00Z,Buy,272.19531374,266.480660796,5408,-30904.84,54.08,-35821.52,0,35821.52,0,"	2186,2187" 
2025-11-17T20:55:00Z,"GOOGL",2025-12-05T20:55:00Z,Buy,284.163951015,320.214974145,5071,182814.74,50.71,-30840.49,221200.77,89584.29,1,"	2188,2189" 
2025-12-05T20:55:00Z,"BIL",2025-12-08T20:55:00Z,Buy,90.124236495,90.124236495,2467,0,24.67,-24.29,24.29,24.29,0,"	2191,2192" 
2025-12-05T20:55:00Z,"TSLA",2025-12-10T20:55:00Z,Buy,454.93,454.11,3079,-2524.78,30.79,-59424.7,4387.58,59640.23,0,"	2190,2195" 
2025-12-08T20:55:00Z,"BIL",2025-12-09T20:55:00Z,Buy,90.13408291,90.13408291,1801,0,18.01,-17.73,17.73,17.73,0,"	2193,2194" 
2025-12-10T20:55:00Z,"META",2025-12-11T20:55:00Z,Buy,647.786581761,650.342307329,2502,6394.43,25.02,-16036.02,15786.24,24178.92,1,"	2196,2197" 
2025-12-11T20:55:00Z,"TSLA",2025-12-24T17:55:00Z,Buy,445.83,483.4,3423,128602.11,35.28,-12904.71,180015.57,97487.04,1,"	2198,2200" 
2025-12-15T20:55:00Z,"TSLA",2025-12-24T17:55:00Z,Buy,478.41,483.4,210,1047.9,1.05,-7633.5,4202.1,5980.8,1,"	2199,2200" 
2025-12-24T17:55:00Z,"NVDA",2026-01-07T20:55:00Z,Buy,188.639794035,189.059771313,9312,3910.83,93.12,-22813.17,42926,65133.92,1,"	2201,2202" 
2026-01-07T20:55:00Z,"AMZN",2026-01-08T20:55:00Z,Buy,242.06,246.08,7272,29233.44,72.72,-3636,30287.88,13671.36,1,"	2203,2204" 
2026-01-08T20:55:00Z,"GOOGL",2026-01-09T20:55:00Z,Buy,325.35095447,328.978400765,5500,19950.95,55,-1538.92,28030.27,13905.21,1,"	2205,2206" 
2026-01-09T20:55:00Z,"UUP",2026-01-12T20:55:00Z,Buy,27.33,27.27,66200,-3972,662,-6951,0,6951,0,"	2207,2208" 
2026-01-12T20:55:00Z,"GOOGL",2026-01-23T20:55:00Z,Buy,331.516613875,327.679315315,5443,-20886.42,54.43,-65759.58,44981.94,110741.52,0,"	2209,2210" 
2026-01-23T20:55:00Z,"META",2026-01-28T20:55:00Z,Buy,658.35629394,668.50760206,2709,27499.89,27.09,-1569.88,50100.69,30747.91,1,"	2211,2212" 
2026-01-28T20:55:00Z,"MSFT",2026-01-29T20:55:00Z,Buy,480.134094921,430.377663872,3772,-187681.26,37.72,-223546.56,6698.87,230245.43,0,"	2213,2214" 
2026-01-29T20:55:00Z,"META",2026-01-30T20:55:00Z,Buy,740.156254155,715.037761425,311,-7811.85,12.525,-8355.64,0,8355.64,0,"	2215,2216" 
2026-01-29T20:55:00Z,"META",2026-02-03T20:55:00Z,Buy,740.156254155,690.0091917,1883,-94426.92,9.415,-102008.92,0,102008.92,0,"	2215,2220" 
2026-01-30T20:55:00Z,"BIL",2026-02-02T20:55:00Z,Buy,90.60376026,90.607665378,2454,9.58,24.54,0,33.92,24.33,1,"	2217,2218" 
2026-02-02T20:55:00Z,"BIL",2026-02-03T20:55:00Z,Buy,90.617580859,90.617580859,2841,0,28.41,-14.08,28.17,28.17,0,"	2219,2221" 
